Location,Denominator,Prevalence,Lower CI,Upper CI,Year,Source
AZ,45322,6.5,5.8,7.3,2000,addm
GA,43593,6.5,5.8,7.3,2000,addm
MD,21532,5.5,4.6,6.6,2000,addm
NJ,29714,9.9,8.9,11.1,2000,addm
SC,24535,6.3,5.4,7.4,2000,addm
US,,6.7,6.3,7,2000,addm
WV,23065,4.5,3.7,5.5,2000,addm
AL,35472,3.3,2.7,3.9,2002,addm
AR,36472,6.9,6.1,7.8,2002,addm
AZ,45113,6.2,5.5,7,2002,addm
CO,11020,5.9,4.6,7.5,2002,addm
GA,44299,7.6,6.8,8.5,2002,addm
MD,29722,6.7,5.8,7.7,2002,addm
MO,28049,7.3,6.4,8.4,2002,addm
NC,20725,6.5,5.5,7.7,2002,addm
NJ,29748,10.6,9.5,11.9,2002,addm
PA,21061,5.3,4.4,6.3,2002,addm
SC,23191,6,5.1,7.1,2002,addm
US,,6.6,6.3,6.8,2002,addm
UT,26108,7.5,6.5,8.6,2002,addm
WI,35126,5.2,4.5,6,2002,addm
WV,21472,7.1,6.1,8.3,2002,addm
AL,11676,4.6,3.5,6,2004,addm
AZ,13620,9.8,8.2,11.6,2004,addm
GA,45190,8.9,8,9.8,2004,addm
MD,20981,8.8,7.6,10.2,2004,addm
MO,26970,8.2,7.2,9.3,2004,addm
NC,20187,8.7,7.5,10.1,2004,addm
SC,22399,5.3,4.4,6.3,2004,addm
US,,8,7.6,8.4,2004,addm
WI,11312,7.8,6.3,9.6,2004,addm
AL,35126,6,5.3,6.9,2006,addm
AZ,41650,12.1,11.1,13.2,2006,addm
CO,7184,7.5,5.8,9.8,2006,addm
FL,27615,4.2,3.5,5,2006,addm
GA,46621,10.2,9.3,11.1,2006,addm
MD,26489,9.2,8.1,10.4,2006,addm
MO,26533,12.1,10.9,13.5,2006,addm
NC,22195,10.4,9.1,11.8,2006,addm
PA,17886,8.4,7.2,9.8,2006,addm
SC,22681,8.6,7.5,9.9,2006,addm
US,,9,8.6,9.3,2006,addm
WI,34058,7.5,6.7,8.5,2006,addm
AL,36566,4.8,4.1,5.5,2008,addm
AR,4940,10.5,8,13.8,2008,addm
AZ,32601,15.6,14.3,17,2008,addm
CO,7725,11.8,9.6,14.4,2008,addm
FL,29366,7.2,6.3,8.2,2008,addm
GA,50427,11.9,11,12.9,2008,addm
MD,27022,12.4,11.2,13.8,2008,addm
MO,25668,13.9,12.5,15.4,2008,addm
NC,36913,14.2,13.1,15.5,2008,addm
NJ,7082,20.5,17.4,24,2008,addm
PA,18440,13.3,11.7,15,2008,addm
SC,23769,11.1,9.9,12.5,2008,addm
US,,11.3,11,11.7,2008,addm
UT,2123,21.2,15.9,28.2,2008,addm
WI,34451,7.8,6.9,8.7,2008,addm
AL,21833,5.7,4.8,6.8,2010,addm
AR,38956,15.5,14.3,16.8,2010,addm
AZ,33768,15.7,14.4,17.1,2010,addm
CO,38806,9.9,9,10.9,2010,addm
GA,48529,15.5,14.5,16.7,2010,addm
MD,27605,16.6,15.2,18.2,2010,addm
MO,25367,14.2,12.8,15.7,2010,addm
NC,37783,17.3,16.1,18.7,2010,addm
NJ,31723,21.9,20.4,23.6,2010,addm
US,,14.7,14.3,15.1,2010,addm
UT,23756,18.6,17,20.4,2010,addm
WI,35623,9.3,8.3,10.3,2010,addm
AR,14153,8.8,7.4,10.5,2012,addm
AZ,32615,15.1,13.9,16.5,2012,addm
CO,40538,10.8,9.8,11.8,2012,addm
GA,49720,15.5,14.5,16.6,2012,addm
MD,9577,18.2,15.7,21,2012,addm
MO,25870,11.6,10.4,13,2012,addm
NC,38913,16.8,15.6,18.1,2012,addm
NJ,32581,24.6,23,26.4,2012,addm
SC,24356,12.4,11.1,13.9,2012,addm
US,,14.8,14.4,15.2,2012,addm
UT,24945,17.3,15.7,19,2012,addm
WI,35556,10.8,9.8,11.9,2012,addm
AR,39992,13.1,12,14.2,2014,addm
AZ,24952,14,12.6,15.5,2014,addm
CO,41128,13.9,12.8,15.1,2014,addm
GA,51161,17,15.9,18.1,2014,addm
MD,9955,20,17.4,22.9,2014,addm
MN,9767,24,21.1,27.2,2014,addm
MO,25333,14.1,12.7,15.6,2014,addm
NC,30283,17.4,16,18.9,2014,addm
NJ,32935,29.3,27.5,31.1,2014,addm
TN,24940,15.5,14.1,17.1,2014,addm
US,,16.8,16.4,17.3,2014,addm
WI,35037,14.1,12.9,15.4,2014,addm
AR,40225,15.1,13.9,16.3,2016,addm
AZ,17656,16,14.2,17.9,2016,addm
CO,40874,13.1,12.1,16.3,2016,addm
GA,24113,18.9,17.3,20.7,2016,addm
MD,9993,19.2,16.7,22.1,2016,addm
MN,13728,22.8,20.4,25.4,2016,addm
MO,15635,13.6,11.9,15.6,2016,addm
NC,19291,25.3,23.2,27.7,2016,addm
NJ,33031,31.4,29.5,33.3,2016,addm
TN,25839,15.7,14.2,17.3,2016,addm
US,,18.5,18,19.1,2016,addm
WI,35034,16.5,15.2,17.9,2016,addm
AR,15435,22.9,20.6,25.3,2018,addm
AZ,13313,24.9,22.4,27.6,2018,addm
CA,15076,38.9,35.9,42.1,2018,addm
GA,23580,21.8,20,23.7,2018,addm
MD,20666,20.5,18.6,22.5,2018,addm
MN,10081,27.5,24.5,30.9,2018,addm
MO,24481,16.5,15,18.2,2018,addm
NJ,17289,28.4,26,31,2018,addm
TN,25237,22.7,20.9,24.6,2018,addm
US,,23,22.3,23.6,2018,addm
UT,25459,21.5,19.8,23.4,2018,addm
WI,29664,18.8,17.3,20.4,2018,addm
AK,50342,3.3,2.8,3.8,2000,medi
AL,252812,1.5,1.3,1.6,2000,medi
AR,185692,5.3,5,5.7,2000,medi
AZ,274759,3.3,3.1,3.5,2000,medi
CA,2406609,1,1,1.1,2000,medi
CO,130820,1.9,1.7,2.2,2000,medi
CT,163068,0.5,0.4,0.6,2000,medi
DC,58590,0.5,0.4,0.8,2000,medi
DE,42834,3.2,2.7,3.8,2000,medi
FL,801638,1.7,1.6,1.8,2000,medi
GA,460568,2.3,2.1,2.4,2000,medi
HI,62623,0.7,0.5,1,2000,medi
IA,106118,1.5,1.2,1.7,2000,medi
ID,66850,6.2,5.6,6.8,2000,medi
IL,706643,1.9,1.8,2,2000,medi
IN,318736,2.8,2.6,3,2000,medi
KS,102151,4.2,3.8,4.6,2000,medi
KY,270411,2.2,2,2.4,2000,medi
LA,339301,1.7,1.6,1.8,2000,medi
MA,331038,1.1,1,1.2,2000,medi
MD,275403,1.9,1.8,2.1,2000,medi
ME,69466,9.8,9.1,10.6,2000,medi
MI,551959,5.8,5.6,6,2000,medi
MN,211436,5.6,5.3,5.9,2000,medi
MO,400654,2.7,2.5,2.9,2000,medi
MS,228630,1.7,1.5,1.9,2000,medi
MT,33967,5.2,4.4,6,2000,medi
NC,435822,3.4,3.3,3.6,2000,medi
ND,21041,2.9,2.3,3.8,2000,medi
NE,97463,1.1,0.9,1.4,2000,medi
NH,44032,4.2,3.7,4.9,2000,medi
NJ,334551,2.1,1.9,2.2,2000,medi
NM,183786,1.5,1.3,1.7,2000,medi
NV,50946,3.3,2.9,3.9,2000,medi
NY,986828,2.5,2.4,2.6,2000,medi
OH,562133,2.5,2.4,2.6,2000,medi
OK,252657,1.1,1,1.3,2000,medi
OR,154884,4.7,4.4,5.1,2000,medi
PA,573278,4.2,4,4.4,2000,medi
RI,66153,4.8,4.3,5.3,2000,medi
SC,312791,3.1,3,3.4,2000,medi
SD,42764,2.9,2.4,3.5,2000,medi
TN,479157,0.9,0.8,1,2000,medi
TX,1007251,1.3,1.3,1.4,2000,medi
US,,2.3,2.3,2.4,2000,medi
UT,69605,2.6,2.2,3,2000,medi
VA,265202,1.8,1.6,2,2000,medi
VT,49725,5.5,4.9,6.2,2000,medi
WA,421362,1.1,1,1.2,2000,medi
WI,217566,5.6,5.3,5.9,2000,medi
WV,122080,4.2,3.9,4.6,2000,medi
WY,19981,2.8,2.2,3.6,2000,medi
AK,54204,3.6,3.1,4.1,2001,medi
AL,273698,1.6,1.5,1.8,2001,medi
AR,218750,5.1,4.8,5.4,2001,medi
AZ,312970,3.7,3.5,3.9,2001,medi
CA,2471781,1.2,1.2,1.3,2001,medi
CO,145270,1.8,1.6,2,2001,medi
CT,170794,0.6,0.5,0.7,2001,medi
DC,58799,0.5,0.4,0.7,2001,medi
DE,46003,2.8,2.3,3.3,2001,medi
FL,904760,1.7,1.6,1.7,2001,medi
GA,540112,2.4,2.3,2.5,2001,medi
HI,64743,0.7,0.5,0.9,2001,medi
IA,118235,1.7,1.5,2,2001,medi
ID,82400,6.1,5.6,6.6,2001,medi
IL,761748,2,1.9,2.1,2001,medi
IN,356775,3,2.8,3.2,2001,medi
KS,112351,4.5,4.1,4.9,2001,medi
KY,286937,2.6,2.4,2.8,2001,medi
LA,396329,1.6,1.5,1.7,2001,medi
MA,334015,1.2,1.1,1.3,2001,medi
MD,297394,2.5,2.3,2.7,2001,medi
ME,73985,12,11.2,12.8,2001,medi
MI,592669,7.1,6.9,7.3,2001,medi
MN,220104,6.5,6.2,6.9,2001,medi
MO,429228,3,2.8,3.1,2001,medi
MS,278423,1.6,1.5,1.8,2001,medi
MT,36697,6.2,5.4,7,2001,medi
NC,482049,3.5,3.3,3.6,2001,medi
ND,21553,3.2,2.5,4,2001,medi
NE,105601,1.1,0.9,1.3,2001,medi
NH,45367,4.3,3.7,4.9,2001,medi
NJ,347409,2.1,2,2.3,2001,medi
NM,196635,1.7,1.5,1.9,2001,medi
NV,53446,4.3,3.8,4.9,2001,medi
NY,1085474,2.5,2.4,2.6,2001,medi
OH,680239,2.5,2.3,2.6,2001,medi
OK,277750,1.3,1.2,1.5,2001,medi
OR,165685,5,4.6,5.3,2001,medi
PA,589318,5.2,5,5.4,2001,medi
RI,69924,5.2,4.7,5.8,2001,medi
SC,352715,3.2,3,3.4,2001,medi
SD,47275,2.6,2.1,3.1,2001,medi
TN,514766,0.8,0.7,0.9,2001,medi
TX,1054202,1.6,1.6,1.7,2001,medi
US,,2.6,2.6,2.6,2001,medi
UT,72832,2.9,2.5,3.3,2001,medi
VA,260389,2.2,2,2.4,2001,medi
VT,51215,6.2,5.6,7,2001,medi
WA,440348,1.2,1.1,1.3,2001,medi
WI,238280,6.2,5.9,6.5,2001,medi
WV,123188,5.2,4.9,5.7,2001,medi
WY,23603,3.1,2.5,3.9,2001,medi
AK,57115,3.9,3.4,4.4,2002,medi
AL,301754,1.8,1.6,1.9,2002,medi
AR,249902,5,4.7,5.3,2002,medi
AZ,373705,3.9,3.8,4.2,2002,medi
CA,2695067,1.4,1.4,1.4,2002,medi
CO,156929,2,1.8,2.2,2002,medi
CT,182671,0.6,0.5,0.8,2002,medi
DC,56388,0.4,0.3,0.7,2002,medi
DE,49318,4,3.5,4.6,2002,medi
FL,998003,1.7,1.7,1.8,2002,medi
GA,606252,2.7,2.6,2.9,2002,medi
HI,68692,0.7,0.5,0.9,2002,medi
IA,129963,3.3,3,3.6,2002,medi
ID,90875,7,6.4,7.5,2002,medi
IL,784475,2.2,2.1,2.3,2002,medi
IN,388141,3.7,3.5,3.9,2002,medi
KS,119002,4.9,4.5,5.3,2002,medi
KY,292737,3.1,2.9,3.3,2002,medi
LA,462469,1.7,1.6,1.8,2002,medi
MA,352027,1.3,1.2,1.5,2002,medi
MD,319183,3.7,3.5,3.9,2002,medi
ME,87386,12.1,11.4,12.8,2002,medi
MI,637087,6.6,6.4,6.8,2002,medi
MN,235826,7.4,7.1,7.8,2002,medi
MO,436980,3.4,3.2,3.6,2002,medi
MS,285144,1.8,1.6,1.9,2002,medi
MT,38320,7.3,6.5,8.2,2002,medi
NC,506880,3.7,3.5,3.9,2002,medi
ND,23278,3.5,2.8,4.3,2002,medi
NE,112447,1.2,1,1.4,2002,medi
NH,50451,5,4.4,5.6,2002,medi
NJ,367563,2.5,2.4,2.7,2002,medi
NM,212060,1.6,1.5,1.8,2002,medi
NV,78225,3.8,3.4,4.3,2002,medi
NY,1213599,2.5,2.4,2.6,2002,medi
OH,714335,2.7,2.6,2.8,2002,medi
OK,325747,1.4,1.2,1.5,2002,medi
OR,175645,5.6,5.2,5.9,2002,medi
PA,613611,4.9,4.8,5.1,2002,medi
RI,73167,5.7,5.2,6.3,2002,medi
SC,376871,3.4,3.2,3.6,2002,medi
SD,50966,2.6,2.1,3,2002,medi
TN,517306,0.8,0.7,0.9,2002,medi
TX,1298947,1.5,1.5,1.6,2002,medi
US,,2.8,2.7,2.8,2002,medi
UT,80714,3.2,2.8,3.6,2002,medi
VA,281133,2.6,2.5,2.8,2002,medi
VT,52396,6.9,6.3,7.7,2002,medi
WA,471773,1.4,1.3,1.5,2002,medi
WI,266853,6.7,6.4,7,2002,medi
WV,135767,5.5,5.1,5.9,2002,medi
WY,29803,2.8,2.2,3.5,2002,medi
AK,59663,4.2,3.7,4.7,2003,medi
AL,317920,2,1.9,2.2,2003,medi
AR,271969,4.7,4.4,4.9,2003,medi
AZ,432277,4,3.9,4.2,2003,medi
CA,2831003,1.6,1.6,1.7,2003,medi
CO,174653,2.3,2.1,2.6,2003,medi
CT,189680,0.5,0.4,0.6,2003,medi
DC,61285,0.7,0.5,1,2003,medi
DE,51552,3.8,3.3,4.3,2003,medi
FL,1046227,2,1.9,2.1,2003,medi
GA,656791,3.3,3.2,3.5,2003,medi
HI,71906,0.7,0.5,0.9,2003,medi
IA,139481,2.6,2.3,2.9,2003,medi
ID,97498,8.1,7.6,8.7,2003,medi
IL,813830,2.4,2.3,2.5,2003,medi
IN,398970,4.5,4.3,4.7,2003,medi
KS,127906,5.1,4.7,5.5,2003,medi
KY,305029,3.3,3.1,3.5,2003,medi
LA,498414,2,1.9,2.1,2003,medi
MA,339011,1.5,1.4,1.7,2003,medi
MD,331647,4.8,4.6,5,2003,medi
ME,85462,15.4,14.6,16.2,2003,medi
MI,676109,6.3,6.1,6.5,2003,medi
MN,250920,8.6,8.3,9,2003,medi
MO,463143,3.6,3.4,3.8,2003,medi
MS,292406,1.9,1.8,2.1,2003,medi
MT,40132,8.7,7.8,9.6,2003,medi
NC,537981,3.9,3.7,4.1,2003,medi
ND,24670,6,5.1,7,2003,medi
NE,105068,1.5,1.3,1.8,2003,medi
NH,54281,7,6.3,7.7,2003,medi
NJ,367528,2.6,2.5,2.8,2003,medi
NM,221257,1.6,1.5,1.8,2003,medi
NV,88989,3.7,3.3,4.1,2003,medi
NY,1351815,2.6,2.5,2.7,2003,medi
OH,767543,2.9,2.8,3,2003,medi
OK,298071,1.5,1.3,1.6,2003,medi
OR,174605,6.2,5.9,6.6,2003,medi
PA,638268,4.9,4.7,5.1,2003,medi
RI,74320,7.2,6.6,7.8,2003,medi
SC,401466,3.5,3.3,3.6,2003,medi
SD,53420,2.8,2.4,3.3,2003,medi
TN,489562,0.8,0.7,0.9,2003,medi
TX,1538529,1.5,1.5,1.6,2003,medi
US,,3,3,3,2003,medi
UT,90071,3.1,2.8,3.5,2003,medi
VA,308865,2.7,2.6,2.9,2003,medi
VT,52490,7.6,6.9,8.4,2003,medi
WA,493226,1.6,1.5,1.7,2003,medi
WI,291200,7.1,6.8,7.4,2003,medi
WV,139175,5.7,5.3,6.1,2003,medi
WY,32579,2.7,2.2,3.3,2003,medi
AK,59999,4.4,3.9,5,2004,medi
AL,326144,19.5,19,19.9,2004,medi
AR,292778,4.5,4.3,4.8,2004,medi
AZ,458585,4.3,4.1,4.5,2004,medi
CA,2870079,1.9,1.8,1.9,2004,medi
CO,197589,2.5,2.3,2.7,2004,medi
CT,195864,0.5,0.4,0.6,2004,medi
DC,62570,0.9,0.7,1.2,2004,medi
DE,54121,3.5,3,4,2004,medi
FL,1054779,2.3,2.2,2.4,2004,medi
GA,705383,3.8,3.7,3.9,2004,medi
HI,74716,1,0.8,1.2,2004,medi
IA,148588,2.9,2.6,3.1,2004,medi
ID,103459,9.6,9,10.2,2004,medi
IL,865273,2.5,2.4,2.6,2004,medi
IN,417564,4.9,4.7,5.1,2004,medi
KS,133708,6.1,5.7,6.6,2004,medi
KY,315654,3.3,3.1,3.6,2004,medi
LA,536048,2.2,2.1,2.3,2004,medi
MA,337855,1.7,1.6,1.9,2004,medi
MD,331587,5.4,5.1,5.6,2004,medi
ME,88494,16.9,16,17.7,2004,medi
MI,708548,6.1,5.9,6.3,2004,medi
MN,256887,10,9.6,10.4,2004,medi
MO,478509,4.1,4,4.3,2004,medi
MS,293894,2.1,1.9,2.3,2004,medi
MT,41884,7.8,7,8.7,2004,medi
NC,566243,4.5,4.3,4.6,2004,medi
ND,24625,8.3,7.3,9.5,2004,medi
NE,108382,1.9,1.6,2.1,2004,medi
NH,56488,8.2,7.5,9,2004,medi
NJ,371750,3,2.8,3.2,2004,medi
NM,228934,1.8,1.6,2,2004,medi
NV,96629,3.3,3,3.7,2004,medi
NY,1375277,3,2.9,3.1,2004,medi
OH,802186,3.5,3.4,3.7,2004,medi
OK,311496,1.8,1.6,1.9,2004,medi
OR,178898,6.4,6.1,6.8,2004,medi
PA,677306,5.1,5,5.3,2004,medi
RI,76203,8.1,7.5,8.8,2004,medi
SC,371453,4.1,3.9,4.3,2004,medi
SD,54810,2.7,2.3,3.2,2004,medi
TN,503828,1.5,1.4,1.6,2004,medi
TX,1710039,1.6,1.5,1.6,2004,medi
US,,3.5,3.5,3.6,2004,medi
UT,97080,3,2.6,3.3,2004,medi
VA,338551,3,2.8,3.2,2004,medi
VT,52366,8.5,7.7,9.3,2004,medi
WA,472691,1.6,1.5,1.7,2004,medi
WI,307314,5.1,4.9,5.4,2004,medi
WV,142482,6.4,6,6.8,2004,medi
WY,33643,3.2,2.7,3.9,2004,medi
AK,60366,5.3,4.7,5.9,2005,medi
AL,330980,19.8,19.4,20.3,2005,medi
AR,317561,4.5,4.2,4.7,2005,medi
AZ,475755,4.9,4.7,5.1,2005,medi
CA,2832737,2.5,2.4,2.6,2005,medi
CO,208987,2.8,2.6,3,2005,medi
CT,198270,0.5,0.4,0.6,2005,medi
DC,62544,0.9,0.7,1.1,2005,medi
DE,56660,3.7,3.2,4.2,2005,medi
FL,1109808,2.6,2.5,2.7,2005,medi
GA,751510,4,3.8,4.1,2005,medi
HI,78809,2,1.7,2.3,2005,medi
IA,154384,3.7,3.4,4,2005,medi
ID,105721,11.8,11.1,12.4,2005,medi
IL,909088,2.8,2.7,3,2005,medi
IN,431557,5.2,5,5.4,2005,medi
KS,138918,6.4,6,6.8,2005,medi
KY,328498,4,3.8,4.3,2005,medi
LA,548070,2.3,2.2,2.5,2005,medi
MA,350146,1.9,1.7,2,2005,medi
MD,337905,5.8,5.5,6.1,2005,medi
ME,0,,,,2005,medi
MI,731817,6.2,6,6.4,2005,medi
MN,261827,11.9,11.5,12.3,2005,medi
MO,475524,4.9,4.7,5.1,2005,medi
MS,286454,2.4,2.2,2.5,2005,medi
MT,41867,9,8.1,9.9,2005,medi
NC,582887,5.3,5.1,5.5,2005,medi
ND,24661,9.7,8.5,11,2005,medi
NE,109311,2.2,1.9,2.5,2005,medi
NH,57389,8.1,7.4,8.9,2005,medi
NJ,384814,3.4,3.3,3.6,2005,medi
NM,223693,2.6,2.4,2.8,2005,medi
NV,94321,3.6,3.3,4,2005,medi
NY,1362388,3,2.9,3.1,2005,medi
OH,825396,3.7,3.5,3.8,2005,medi
OK,323453,2.2,2,2.3,2005,medi
OR,180745,6.8,6.4,7.2,2005,medi
PA,709774,5.5,5.3,5.6,2005,medi
RI,76748,9.4,8.7,10.1,2005,medi
SC,371167,4.6,4.3,4.8,2005,medi
SD,56222,3.1,2.6,3.6,2005,medi
TN,498939,1.9,1.8,2.1,2005,medi
TX,1770847,1.7,1.6,1.8,2005,medi
US,,3.9,3.8,3.9,2005,medi
UT,101071,3.4,3,3.7,2005,medi
VA,355302,3.4,3.3,3.6,2005,medi
VT,51239,9.9,9.1,10.8,2005,medi
WA,458571,2.2,2,2.3,2005,medi
WI,316317,5.4,5.2,5.7,2005,medi
WV,143007,7.1,6.7,7.6,2005,medi
WY,34461,3.9,3.3,4.6,2005,medi
AK,58451,6.3,5.7,7,2006,medi
AL,326457,20.6,20.1,21.1,2006,medi
AR,332135,4.9,4.7,5.2,2006,medi
AZ,472700,7.8,7.5,8,2006,medi
CA,2799720,3,2.9,3.1,2006,medi
CO,216781,3.6,3.3,3.8,2006,medi
CT,194389,2.4,2.2,2.6,2006,medi
DC,61119,1.5,1.2,1.9,2006,medi
DE,57289,4,3.6,4.6,2006,medi
FL,1079107,3.1,3,3.2,2006,medi
GA,707071,4.1,4,4.2,2006,medi
HI,80003,1.7,1.5,2,2006,medi
IA,159687,6.7,6.4,7.2,2006,medi
ID,103457,14.2,13.5,14.9,2006,medi
IL,953558,3.3,3.2,3.4,2006,medi
IN,440375,5.6,5.4,5.8,2006,medi
KS,139034,7,6.5,7.4,2006,medi
KY,324260,4.7,4.5,5,2006,medi
LA,557859,2.4,2.3,2.5,2006,medi
MA,340954,2.2,2.1,2.4,2006,medi
MD,337131,6,5.8,6.3,2006,medi
ME,0,,,,2006,medi
MI,755584,6.7,6.5,6.9,2006,medi
MN,261461,13.4,13,13.8,2006,medi
MO,433668,6,5.8,6.2,2006,medi
MS,271683,2.7,2.5,2.9,2006,medi
MT,41132,10.8,9.8,11.8,2006,medi
NC,619018,5.8,5.6,6,2006,medi
ND,23922,10.6,9.4,12,2006,medi
NE,109768,2.6,2.3,2.9,2006,medi
NH,58108,9.3,8.5,10.1,2006,medi
NJ,403013,4.2,4,4.4,2006,medi
NM,217172,2.5,2.3,2.7,2006,medi
NV,90241,5.3,4.8,5.8,2006,medi
NY,1307202,3.4,3.3,3.5,2006,medi
OH,836357,3.9,3.8,4.1,2006,medi
OK,330285,2.8,2.6,3,2006,medi
OR,177740,7.2,6.8,7.6,2006,medi
PA,714603,6.2,6,6.4,2006,medi
RI,76442,11.3,10.6,12.1,2006,medi
SC,359964,5.4,5.2,5.6,2006,medi
SD,56658,3.3,2.9,3.8,2006,medi
TN,511277,2.4,2.3,2.5,2006,medi
TX,1792054,2,2,2.1,2006,medi
US,,4.4,4.4,4.5,2006,medi
UT,97102,3.9,3.5,4.3,2006,medi
VA,362006,4.3,4.1,4.5,2006,medi
VT,50523,10.6,9.8,11.6,2006,medi
WA,469683,2.3,2.1,2.4,2006,medi
WI,319709,5,4.8,5.3,2006,medi
WV,142226,7.7,7.3,8.2,2006,medi
WY,34167,5,4.3,5.8,2006,medi
AK,55320,7.1,6.5,7.9,2007,medi
AL,321738,21.3,20.8,21.8,2007,medi
AR,330340,5.4,5.1,5.6,2007,medi
AZ,479757,8.6,8.3,8.9,2007,medi
CA,2767175,3.6,3.5,3.7,2007,medi
CO,206913,4.8,4.5,5.1,2007,medi
CT,192120,2.9,2.7,3.2,2007,medi
DC,59545,1.6,1.4,2,2007,medi
DE,57971,4.5,4,5,2007,medi
FL,1010850,3.3,3.2,3.5,2007,medi
GA,651351,4.6,4.4,4.7,2007,medi
HI,81478,2.1,1.8,2.4,2007,medi
IA,160711,7.9,7.5,8.4,2007,medi
ID,108059,17.1,16.3,17.9,2007,medi
IL,998442,3.5,3.3,3.6,2007,medi
IN,447565,5.9,5.7,6.1,2007,medi
KS,134125,7.6,7.2,8.1,2007,medi
KY,326825,5.7,5.5,6,2007,medi
LA,513476,2.9,2.7,3,2007,medi
MA,347378,2.8,2.7,3,2007,medi
MD,341325,6.2,5.9,6.4,2007,medi
ME,0,,,,2007,medi
MI,765937,9.4,9.2,9.7,2007,medi
MN,259444,15,14.5,15.5,2007,medi
MO,422932,6.9,6.6,7.1,2007,medi
MS,256308,3.7,3.5,3.9,2007,medi
MT,40205,12.8,11.8,14,2007,medi
NC,627426,6.6,6.4,6.8,2007,medi
ND,23602,11.9,10.6,13.3,2007,medi
NE,110296,2.8,2.5,3.1,2007,medi
NH,58317,11,10.2,11.9,2007,medi
NJ,407386,4.8,4.6,5,2007,medi
NM,224864,3,2.8,3.3,2007,medi
NV,89910,5.5,5,6,2007,medi
NY,1259206,3.9,3.8,4,2007,medi
OH,840254,4.1,3.9,4.2,2007,medi
OK,346026,3.8,3.6,4,2007,medi
OR,166724,8.3,7.9,8.7,2007,medi
PA,684904,4.6,4.4,4.7,2007,medi
RI,74838,14.4,13.5,15.3,2007,medi
SC,345656,6.4,6.1,6.6,2007,medi
SD,57204,4.1,3.6,4.7,2007,medi
TN,508780,2.9,2.8,3.1,2007,medi
TX,1827774,2.6,2.5,2.7,2007,medi
US,,5.1,5,5.1,2007,medi
UT,90761,5,4.5,5.4,2007,medi
VA,360305,4.9,4.7,5.1,2007,medi
VT,49041,13.5,12.5,14.5,2007,medi
WA,460321,2.4,2.3,2.6,2007,medi
WI,320361,5.4,5.2,5.7,2007,medi
WV,140446,8.9,8.4,9.4,2007,medi
WY,33297,5.4,4.7,6.3,2007,medi
AK,55208,7.4,6.7,8.1,2008,medi
AL,327245,20.6,20.1,21.1,2008,medi
AR,328146,6,5.8,6.3,2008,medi
AZ,510208,9,8.7,9.3,2008,medi
CA,2816838,4.3,4.2,4.3,2008,medi
CO,216481,5.4,5.1,5.7,2008,medi
CT,197279,3.6,3.3,3.9,2008,medi
DC,58586,2,1.7,2.4,2008,medi
DE,60841,4.6,4.1,5.2,2008,medi
FL,1057472,4,3.9,4.1,2008,medi
GA,665660,5.2,5,5.4,2008,medi
HI,81986,2,1.7,2.3,2008,medi
IA,165769,8.7,8.2,9.1,2008,medi
ID,104212,20.8,19.9,21.6,2008,medi
IL,1043293,4.5,4.4,4.6,2008,medi
IN,461624,6.4,6.2,6.7,2008,medi
KS,136239,7.9,7.4,8.4,2008,medi
KY,331120,6.9,6.6,7.2,2008,medi
LA,525667,3.4,3.2,3.5,2008,medi
MA,355169,3.2,3,3.4,2008,medi
MD,349174,6.4,6.1,6.7,2008,medi
ME,0,,,,2008,medi
MI,778851,9,8.8,9.2,2008,medi
MN,265014,16.3,15.8,16.8,2008,medi
MO,409920,7.7,7.4,8,2008,medi
MS,259870,4.3,4.1,4.6,2008,medi
MT,39946,14.1,13,15.3,2008,medi
NC,653821,7.7,7.4,7.9,2008,medi
ND,24576,12.7,11.3,14.1,2008,medi
NE,111808,3.1,2.8,3.4,2008,medi
NH,59681,12.5,11.6,13.4,2008,medi
NJ,419475,5.9,5.7,6.1,2008,medi
NM,236197,3.4,3.2,3.7,2008,medi
NV,98538,4.7,4.3,5.2,2008,medi
NY,1258070,4.4,4.3,4.5,2008,medi
OH,851303,4.8,4.6,4.9,2008,medi
OK,346814,4.9,4.6,5.1,2008,medi
OR,170792,7.8,7.4,8.3,2008,medi
PA,723857,2.7,2.6,2.8,2008,medi
RI,72401,17.4,16.4,18.3,2008,medi
SC,346725,6.8,6.5,7,2008,medi
SD,58280,4.1,3.6,4.7,2008,medi
TN,517279,3.5,3.3,3.6,2008,medi
TX,1851708,3.2,3.1,3.3,2008,medi
US,,5.6,5.5,5.6,2008,medi
UT,95229,5.3,4.8,5.7,2008,medi
VA,373772,6.3,6,6.6,2008,medi
VT,49176,17,15.9,18.2,2008,medi
WA,473998,2.4,2.3,2.6,2008,medi
WI,327508,5.7,5.4,5.9,2008,medi
WV,140934,10.7,10.1,11.2,2008,medi
WY,33195,6.3,5.5,7.2,2008,medi
AK,57055,8.1,7.4,8.9,2009,medi
AL,353220,18.7,18.3,19.2,2009,medi
AR,332878,6.4,6.1,6.6,2009,medi
AZ,576963,9.5,9.3,9.8,2009,medi
CA,2960114,4.4,4.4,4.5,2009,medi
CO,252259,5.5,5.2,5.8,2009,medi
CT,209322,5.5,5.2,5.8,2009,medi
DC,58975,3.8,3.4,4.4,2009,medi
DE,64313,4.8,4.3,5.4,2009,medi
FL,1227086,4.6,4.4,4.7,2009,medi
GA,732831,5.7,5.5,5.9,2009,medi
HI,91918,2,1.7,2.3,2009,medi
IA,185458,8.7,8.3,9.1,2009,medi
ID,113252,20.8,20,21.7,2009,medi
IL,1119178,5.2,5.1,5.4,2009,medi
IN,494406,7.4,7.2,7.7,2009,medi
KS,146450,3.5,3.2,3.8,2009,medi
KY,355465,7.5,7.2,7.8,2009,medi
LA,547638,4,3.8,4.1,2009,medi
MA,348542,4.5,4.3,4.7,2009,medi
MD,373812,6,5.7,6.2,2009,medi
ME,0,,,,2009,medi
MI,821336,6.8,6.7,7,2009,medi
MN,285345,16.9,16.5,17.4,2009,medi
MO,429761,8,7.7,8.3,2009,medi
MS,280702,4.9,4.6,5.1,2009,medi
MT,44158,14.1,13,15.2,2009,medi
NC,702889,8,7.8,8.2,2009,medi
ND,28646,11.6,10.4,12.9,2009,medi
NE,119120,3.1,2.8,3.5,2009,medi
NH,64998,13.7,12.8,14.6,2009,medi
NJ,448538,7.1,6.8,7.3,2009,medi
NM,254466,4,3.7,4.2,2009,medi
NV,119861,4.9,4.5,5.3,2009,medi
NY,1312365,4.9,4.8,5,2009,medi
OH,910230,5.9,5.7,6,2009,medi
OK,369633,5.6,5.4,5.8,2009,medi
OR,191205,8.4,8,8.8,2009,medi
PA,757320,2.9,2.8,3,2009,medi
RI,74866,17.9,17,18.9,2009,medi
SC,369536,6.6,6.3,6.8,2009,medi
SD,61406,4.1,3.6,4.6,2009,medi
TN,543490,3.9,3.8,4.1,2009,medi
TX,2048393,3.5,3.5,3.6,2009,medi
US,,5.9,5.9,5.9,2009,medi
UT,115356,4.9,4.5,5.3,2009,medi
VA,413147,7.7,7.4,7.9,2009,medi
VT,50831,19.2,18.1,20.5,2009,medi
WA,519657,3.1,2.9,3.2,2009,medi
WI,367548,5.3,5,5.5,2009,medi
WV,146409,10.9,10.4,11.4,2009,medi
WY,36620,7.6,6.8,8.6,2009,medi
AK,62444,9,8.3,9.8,2010,medi
AL,389115,17.2,16.8,17.6,2010,medi
AR,345509,6.5,6.2,6.8,2010,medi
AZ,526254,11.3,11,11.6,2010,medi
CA,3086090,4.7,4.6,4.8,2010,medi
CO,282212,5.7,5.5,6,2010,medi
CT,222605,6.6,6.3,7,2010,medi
DC,61320,4.5,4,5.1,2010,medi
DE,68633,5.4,4.9,6,2010,medi
FL,1369370,5.2,5.1,5.3,2010,medi
GA,788431,6.3,6.2,6.5,2010,medi
HI,99733,1.9,1.7,2.2,2010,medi
IA,201873,8.7,8.3,9.1,2010,medi
ID,125252,20.7,20,21.5,2010,medi
IL,1182884,5.7,5.5,5.8,2010,medi
IN,522457,8,7.8,8.2,2010,medi
KS,0,,,,2010,medi
KY,378070,8.3,8,8.6,2010,medi
LA,580569,4.4,4.3,4.6,2010,medi
MA,308024,5.3,5,5.5,2010,medi
MD,404787,5.7,5.5,5.9,2010,medi
ME,0,,,,2010,medi
MI,856223,8.3,8.1,8.5,2010,medi
MN,306592,18,17.5,18.5,2010,medi
MO,448040,8.6,8.3,8.9,2010,medi
MS,298447,4.9,4.7,5.2,2010,medi
MT,54888,13.9,13,15,2010,medi
NC,744006,8.6,8.4,8.9,2010,medi
ND,30934,10.6,9.6,11.8,2010,medi
NE,129365,2.7,2.5,3,2010,medi
NH,68529,14.8,14,15.8,2010,medi
NJ,491524,7.9,7.7,8.1,2010,medi
NM,268311,4.6,4.4,4.9,2010,medi
NV,149204,3.9,3.6,4.2,2010,medi
NY,1376511,5,4.9,5.1,2010,medi
OH,958848,6.4,6.2,6.5,2010,medi
OK,392456,6.3,6,6.5,2010,medi
OR,225437,8.3,8,8.7,2010,medi
PA,797425,2.8,2.7,3,2010,medi
RI,79463,18.6,17.6,19.5,2010,medi
SC,403235,7.3,7.1,7.6,2010,medi
SD,64732,4.3,3.9,4.9,2010,medi
TN,562799,4.8,4.6,5,2010,medi
TX,2253828,4,3.9,4.1,2010,medi
US,,6.4,6.4,6.4,2010,medi
UT,129805,4.7,4.3,5.1,2010,medi
VA,451844,8.6,8.3,8.9,2010,medi
VT,52091,20.6,19.4,21.8,2010,medi
WA,558303,4.2,4,4.3,2010,medi
WI,394238,6.1,5.8,6.3,2010,medi
WV,151551,11.3,10.8,11.9,2010,medi
WY,39334,8,7.1,8.9,2010,medi
AK,64970,9.7,9,10.5,2011,medi
AL,414969,16.3,15.9,16.7,2011,medi
AR,350947,7,6.7,7.3,2011,medi
AZ,580628,11.9,11.6,12.2,2011,medi
CA,3279839,4.9,4.8,4.9,2011,medi
CO,315401,5.1,4.9,5.4,2011,medi
CT,231880,7.7,7.4,8.1,2011,medi
DC,62845,5.5,4.9,6.1,2011,medi
DE,73977,8.8,8.2,9.5,2011,medi
FL,1456639,5.6,5.5,5.7,2011,medi
GA,810505,6.8,6.7,7,2011,medi
HI,106656,2.1,1.8,2.3,2011,medi
IA,213371,9.3,8.9,9.7,2011,medi
ID,,,,,2011,medi
IL,1231833,6.2,6.1,6.4,2011,medi
IN,532109,8.2,8,8.5,2011,medi
KS,172602,10.5,10,11,2011,medi
KY,383962,10.1,9.8,10.5,2011,medi
LA,588822,4.9,4.7,5.1,2011,medi
MA,397423,11.2,10.9,11.6,2011,medi
MD,430293,5.2,5,5.4,2011,medi
ME,101634,28.1,27.1,29.1,2011,medi
MI,856842,9.3,9.1,9.5,2011,medi
MN,321655,18.9,18.4,19.3,2011,medi
MO,457339,9.7,9.4,10,2011,medi
MS,306190,5.2,5,5.5,2011,medi
MT,59924,14.3,13.4,15.3,2011,medi
NC,767362,8.9,8.7,9.2,2011,medi
ND,32032,11.3,10.2,12.6,2011,medi
NE,136481,2.9,2.6,3.2,2011,medi
NH,69984,16.7,15.8,17.7,2011,medi
NJ,511196,8.8,8.5,9.1,2011,medi
NM,276347,5.2,5,5.5,2011,medi
NV,163821,4.1,3.8,4.5,2011,medi
NY,1411900,6.6,6.5,6.7,2011,medi
OH,982164,7.6,7.4,7.8,2011,medi
OK,404595,7.1,6.9,7.4,2011,medi
OR,248952,8.5,8.1,8.8,2011,medi
PA,830613,2.9,2.8,3,2011,medi
RI,79721,19.2,18.3,20.2,2011,medi
SC,423686,8.3,8.1,8.6,2011,medi
SD,65975,4.6,4.1,5.2,2011,medi
TN,575393,5.4,5.2,5.5,2011,medi
TX,2396762,4.5,4.4,4.6,2011,medi
US,,7.1,7.1,7.1,2011,medi
UT,144791,9.1,8.6,9.6,2011,medi
VA,469296,10,9.8,10.3,2011,medi
VT,52293,20.9,19.7,22.2,2011,medi
WA,583289,4.7,4.5,4.9,2011,medi
WI,408449,6.5,6.3,6.8,2011,medi
WV,153082,11.8,11.3,12.3,2011,medi
WY,40181,8.7,7.8,9.6,2011,medi
AK,66294,11.4,10.6,12.2,2012,medi
AL,429550,15.5,15.1,15.8,2012,medi
AR,355606,7.4,7.1,7.7,2012,medi
AZ,616380,12.5,12.3,12.8,2012,medi
CA,3358697,6.8,6.7,6.9,2012,medi
CO,337541,4.4,4.2,4.6,2012,medi
CT,239389,8.9,8.6,9.3,2012,medi
DC,63895,6.5,5.9,7.1,2012,medi
DE,76828,10,9.4,10.8,2012,medi
FL,1522818,6.7,6.5,6.8,2012,medi
GA,834418,7.4,7.2,7.6,2012,medi
HI,111935,1.9,1.7,2.2,2012,medi
IA,221056,10.5,10.1,10.9,2012,medi
ID,139039,18.6,17.9,19.3,2012,medi
IL,1320887,6.6,6.5,6.8,2012,medi
IN,539224,8.9,8.6,9.1,2012,medi
KS,186650,9.8,9.4,10.2,2012,medi
KY,393564,11.6,11.3,12,2012,medi
LA,595123,5.2,5,5.4,2012,medi
MA,422371,15,14.6,15.3,2012,medi
MD,451143,5.3,5.1,5.5,2012,medi
ME,100934,30.9,29.9,32,2012,medi
MI,851685,10.3,10.1,10.5,2012,medi
MN,327751,19.7,19.3,20.2,2012,medi
MO,458233,10.5,10.2,10.8,2012,medi
MS,308576,5.7,5.5,6,2012,medi
MT,61412,16.7,15.7,17.8,2012,medi
NC,802643,8.3,8.1,8.5,2012,medi
ND,32620,11.9,10.8,13.1,2012,medi
NE,138070,3.5,3.2,3.8,2012,medi
NH,77131,17.4,16.5,18.3,2012,medi
NJ,533348,9.7,9.5,10,2012,medi
NM,278009,5.8,5.6,6.1,2012,medi
NV,173215,4.9,4.5,5.2,2012,medi
NY,1508552,8.4,8.2,8.5,2012,medi
OH,996369,8,7.9,8.2,2012,medi
OK,418163,8.2,8,8.5,2012,medi
OR,260054,8.6,8.3,9,2012,medi
PA,834046,11,10.7,11.2,2012,medi
RI,81835,20.1,19.2,21.1,2012,medi
SC,469419,8.3,8,8.5,2012,medi
SD,66939,5.1,4.6,5.7,2012,medi
TN,573290,6.2,6,6.4,2012,medi
TX,2431612,4.6,4.5,4.7,2012,medi
US,,8.2,8.2,8.3,2012,medi
UT,149972,9.1,8.6,9.6,2012,medi
VA,484834,12.4,12.1,12.7,2012,medi
VT,52507,21.7,20.4,22.9,2012,medi
WA,594622,5,4.8,5.1,2012,medi
WI,411420,7.1,6.8,7.3,2012,medi
WV,152760,13.3,12.7,13.9,2012,medi
WY,40380,9.5,8.6,10.5,2012,medi
MA,1756,7.9,4.5,14,2004,nsch
NV,1705,7.2,4.2,12.3,2004,nsch
OR,1648,10.1,6,17.1,2004,nsch
PA,1869,8.1,4.7,14.1,2004,nsch
US,,5.3,4.5,6.2,2004,nsch
CT,1604,11.9,7.2,19.7,2008,nsch
ID,1498,12.2,7.3,20.6,2008,nsch
IN,1521,20.4,13.2,31.2,2008,nsch
ME,1526,21.7,14.1,33.3,2008,nsch
MN,1469,19.7,12.4,31,2008,nsch
NH,1554,11.5,7,18.9,2008,nsch
NY,1527,7.4,4.3,12.6,2008,nsch
OK,1533,12.3,7.1,21.2,2008,nsch
OR,1530,19.2,11.7,31.4,2008,nsch
RI,1511,10.9,6.4,18.5,2008,nsch
US,,11,9.4,12.8,2008,nsch
WA,1453,14.6,8.3,25.4,2008,nsch
WI,1601,10,6,16.8,2008,nsch
WY,1476,11.3,6.5,19.5,2008,nsch
AK,1550,21.5,12.7,35.9,2012,nsch
AR,1613,22.7,15.5,33.1,2012,nsch
AZ,1573,19.3,11.8,31.5,2012,nsch
CA,1595,19.6,11.3,33.7,2012,nsch
CT,1660,12.5,7.4,21.1,2012,nsch
DE,1572,23.8,15.6,36,2012,nsch
FL,1590,17.9,10.8,29.4,2012,nsch
IA,1591,17.2,10.1,29,2012,nsch
ID,1584,20.1,12.3,32.9,2012,nsch
IL,1765,21,13.1,33.5,2012,nsch
IN,1566,17.3,10.5,28.5,2012,nsch
KS,1582,9.7,5.5,17,2012,nsch
KY,1592,20.7,12.7,33.4,2012,nsch
LA,1581,22.1,13,37.1,2012,nsch
MA,1570,23.2,14.4,37.1,2012,nsch
MD,1798,13,7.9,21.2,2012,nsch
ME,1570,20.9,13.9,31.2,2012,nsch
MI,1581,15.3,8.6,27,2012,nsch
MN,1544,29.1,18.6,45.3,2012,nsch
MO,1602,21.1,13.8,32.1,2012,nsch
MT,1564,25.3,16.4,39,2012,nsch
NC,1558,25.6,15.5,41.8,2012,nsch
NE,1570,12.5,8.2,19,2012,nsch
NH,1688,18.1,10.8,30,2012,nsch
NJ,1576,27.3,17.1,43.2,2012,nsch
NY,1654,18.9,12.7,27.9,2012,nsch
OH,1634,22,14.5,33.2,2012,nsch
OK,1563,19.8,12.1,32.4,2012,nsch
OR,1592,30.9,20.5,46.2,2012,nsch
PA,1594,23,14.8,35.7,2012,nsch
RI,1624,17.7,11.7,26.6,2012,nsch
SC,1682,11.8,7.5,18.5,2012,nsch
SD,1513,17.2,10.7,27.5,2012,nsch
TN,1579,16.6,9.4,29.2,2012,nsch
US,,18.8,16.8,21,2012,nsch
UT,1551,12.6,7.9,20,2012,nsch
VA,1590,12.6,7.5,20.8,2012,nsch
VT,1601,20.9,13.2,32.8,2012,nsch
WA,1604,21.8,13.7,34.7,2012,nsch
WI,1584,12.6,7.3,21.8,2012,nsch
WV,1539,26.7,18.5,38.6,2012,nsch
WY,1565,19.6,12.7,30.3,2012,nsch
AK,2613,24.7,18.6,32.8,2020,nsch
AL,2855,29.7,21.9,40.2,2020,nsch
AR,2875,23.6,17.6,31.4,2020,nsch
AZ,2912,31.5,23.7,41.7,2020,nsch
CA,2886,32.1,22.5,45.5,2020,nsch
CO,3710,23,17.2,30.6,2020,nsch
CT,3064,35.6,26.3,48.1,2020,nsch
DC,2561,21.6,14,33,2020,nsch
DE,2811,39.3,29.2,52.9,2020,nsch
FL,2889,25.2,19.4,32.8,2020,nsch
GA,2862,29.4,21.5,40.2,2020,nsch
HI,2981,17.8,13,24.2,2020,nsch
IA,2930,24.3,18.2,32.5,2020,nsch
ID,2966,22.4,17,29.5,2020,nsch
IL,2973,31.7,23.4,42.9,2020,nsch
IN,2854,29.9,23,38.7,2020,nsch
KS,2955,19.1,12.5,29.3,2020,nsch
KY,2841,24.9,19.3,32.2,2020,nsch
LA,2739,27.2,20.7,35.5,2020,nsch
MA,3111,40,30.3,52.5,2020,nsch
MD,3016,28.1,20.5,38.5,2020,nsch
ME,2829,34.2,27,43.1,2020,nsch
MI,2961,28,19.4,40.2,2020,nsch
MN,3068,28.7,21.7,38,2020,nsch
MO,2985,23.1,17.3,30.7,2020,nsch
MS,2732,24.8,17.4,35.2,2020,nsch
MT,2985,25.3,17.5,36.2,2020,nsch
NC,2876,24,18.4,31.3,2020,nsch
ND,2859,16,11.4,22.4,2020,nsch
NE,3139,24.9,16.7,36.9,2020,nsch
NH,3019,32.6,25.2,42.1,2020,nsch
NJ,3080,32.4,24.7,42.3,2020,nsch
NM,2780,22.3,15.4,32,2020,nsch
NV,2702,29.2,21.8,39.1,2020,nsch
NY,2869,25.8,19.2,34.6,2020,nsch
OH,2884,26,19.1,35.3,2020,nsch
OK,2743,30.2,22.6,40.2,2020,nsch
OR,4939,30.9,23.1,41.3,2020,nsch
PA,2928,37,28.1,48.5,2020,nsch
RI,2743,29.4,22.2,39,2020,nsch
SC,2943,25,18.7,33.4,2020,nsch
SD,2886,18.7,12.6,27.8,2020,nsch
TN,2741,25.3,18.6,34.3,2020,nsch
TX,2722,27.5,19.6,38.3,2020,nsch
US,,28.5,26.5,30.6,2020,nsch
UT,2915,22.3,16.7,29.7,2020,nsch
VA,3002,36.4,27.6,47.9,2020,nsch
VT,3099,21.1,15.4,28.8,2020,nsch
WA,3029,19.9,14.5,27.2,2020,nsch
WI,3941,32.3,23.4,44.5,2020,nsch
WV,2732,27.3,20.4,36.5,2020,nsch
WY,2668,25.5,18.9,34.2,2020,nsch
AK,122469,1.6,1.4,1.8,2000,sped
AL,674044,1.1,1,1.2,2000,sped
AR,412602,1.6,1.5,1.7,2000,sped
AZ,804559,1.3,1.2,1.4,2000,sped
CA,5512592,1.8,1.8,1.8,2000,sped
CO,658092,0.7,0.6,0.7,2000,sped
CT,510125,2.3,2.2,2.4,2000,sped
DC,55111,1.8,1.5,2.2,2000,sped
DE,106279,2.3,2,2.6,2000,sped
FL,2203889,1.5,1.5,1.6,2000,sped
GA,1301729,1.4,1.4,1.5,2000,sped
HI,169370,1.6,1.4,1.8,2000,sped
IA,442950,1.1,1,1.2,2000,sped
ID,225835,1.2,1.1,1.4,2000,sped
IL,1836275,1.9,1.8,2,2000,sped
IN,908247,2.7,2.6,2.8,2000,sped
KS,425615,1.4,1.3,1.5,2000,sped
KY,593147,1.4,1.3,1.5,2000,sped
LA,664779,1.5,1.5,1.6,2000,sped
MA,884565,0.5,0.5,0.6,2000,sped
MD,770940,2.4,2.3,2.5,2000,sped
ME,190153,2.3,2.1,2.5,2000,sped
MI,1540035,2.4,2.4,2.5,2000,sped
MN,786077,3,2.9,3.1,2000,sped
MO,821734,1.8,1.7,1.9,2000,sped
MS,443941,0.8,0.7,0.9,2000,sped
MT,143919,1.1,1,1.3,2000,sped
NC,1183821,1.9,1.8,2,2000,sped
ND,101354,1.1,0.9,1.3,2000,sped
NE,261089,1.1,1,1.3,2000,sped
NH,196553,1.6,1.5,1.8,2000,sped
NJ,1114581,2.5,2.4,2.6,2000,sped
NM,295151,0.7,0.6,0.8,2000,sped
NV,311652,1.2,1.1,1.4,2000,sped
NY,2500499,2.2,2.2,2.3,2000,sped
OH,1675014,1.3,1.2,1.3,2000,sped
OK,553268,1.1,1.1,1.2,2000,sped
OR,505082,4.7,4.5,4.9,2000,sped
PA,1680063,1.9,1.9,2,2000,sped
RI,142321,2.1,1.9,2.4,2000,sped
SC,612794,1.3,1.2,1.4,2000,sped
SD,118489,1.7,1.5,2,2000,sped
TN,811052,1.1,1,1.1,2000,sped
TX,3619631,1.6,1.5,1.6,2000,sped
US,,1.8,1.7,1.8,2000,sped
UT,428316,1.3,1.2,1.4,2000,sped
VA,1050633,1.8,1.7,1.9,2000,sped
VT,93062,2.1,1.8,2.4,2000,sped
WA,928956,1.7,1.6,1.8,2000,sped
WI,799218,2.2,2.1,2.3,2000,sped
WV,258840,1.1,1,1.3,2000,sped
WY,83927,1,0.9,1.3,2000,sped
AK,123001,1.8,1.6,2,2001,sped
AL,671201,1.3,1.2,1.3,2001,sped
AR,411655,1.8,1.7,2,2001,sped
AZ,835126,1.5,1.4,1.6,2001,sped
CA,5617138,2.2,2.2,2.3,2001,sped
CO,669550,0.8,0.7,0.8,2001,sped
CT,517272,2.7,2.5,2.8,2001,sped
DC,54822,2.5,2.1,2.9,2001,sped
DE,107316,2.4,2.1,2.7,2001,sped
FL,2266215,1.8,1.7,1.8,2001,sped
GA,1326151,1.8,1.7,1.9,2001,sped
HI,169693,2.2,1.9,2.4,2001,sped
IA,441160,1.2,1.1,1.3,2001,sped
ID,226311,1.5,1.3,1.6,2001,sped
IL,1860877,1.9,1.9,2,2001,sped
IN,912934,3.4,3.3,3.5,2001,sped
KS,423696,1.7,1.6,1.8,2001,sped
KY,570513,1.7,1.6,1.8,2001,sped
LA,657745,1.8,1.7,1.9,2001,sped
MA,883908,2.8,2.7,2.9,2001,sped
MD,778239,2.9,2.8,3,2001,sped
ME,188117,2.8,2.6,3.1,2001,sped
MI,1553056,2.8,2.7,2.9,2001,sped
MN,783356,4,3.8,4.1,2001,sped
MO,821837,2.2,2.1,2.3,2001,sped
MS,440575,1,0.9,1,2001,sped
MT,141117,1.3,1.2,1.6,2001,sped
NC,1203271,2.4,2.3,2.5,2001,sped
ND,98267,1.4,1.2,1.6,2001,sped
NE,259797,1.4,1.3,1.6,2001,sped
NH,194715,2,1.8,2.2,2001,sped
NJ,1153762,2.9,2.8,3,2001,sped
NM,294624,0.8,0.7,0.9,2001,sped
NV,327117,1.5,1.4,1.7,2001,sped
NY,2508236,2.6,2.6,2.7,2001,sped
OH,1673476,1.7,1.7,1.8,2001,sped
OK,549715,1.4,1.3,1.5,2001,sped
OR,510574,5.2,5.1,5.4,2001,sped
PA,1694084,2.2,2.2,2.3,2001,sped
RI,146113,2.5,2.3,2.8,2001,sped
SC,611633,1.5,1.4,1.6,2001,sped
SD,117018,2,1.7,2.2,2001,sped
TN,825081,1.2,1.1,1.3,2001,sped
TX,3690487,1.8,1.8,1.9,2001,sped
US,,2.1,2.1,2.1,2001,sped
UT,430133,1.6,1.5,1.7,2001,sped
VA,1064202,2.1,2,2.2,2001,sped
VT,92230,2.5,2.2,2.8,2001,sped
WA,932818,2,1.9,2.1,2001,sped
WI,797219,2.7,2.6,2.8,2001,sped
WV,255361,1.4,1.2,1.5,2001,sped
WY,82126,1.2,1,1.5,2001,sped
AK,122904,2,1.8,2.3,2002,sped
AL,674152,1.5,1.4,1.6,2002,sped
AR,412287,2.2,2,2.3,2002,sped
AZ,853801,1.9,1.8,2,2002,sped
CA,5724081,2.7,2.6,2.7,2002,sped
CO,677622,1,0.9,1,2002,sped
CT,517649,3.2,3.1,3.4,2002,sped
DC,60385,2.6,2.3,3.1,2002,sped
DE,107916,2.8,2.5,3.1,2002,sped
FL,2305437,2.1,2,2.1,2002,sped
GA,1346495,2.2,2.1,2.3,2002,sped
HI,169324,3,2.8,3.3,2002,sped
IA,433833,2.5,2.3,2.6,2002,sped
ID,228122,2,1.8,2.2,2002,sped
IL,1872358,2.6,2.5,2.6,2002,sped
IN,924149,4.1,4,4.2,2002,sped
KS,422734,2,1.9,2.1,2002,sped
KY,576765,2,1.8,2.1,2002,sped
LA,651099,2.1,1.9,2.2,2002,sped
MA,890862,3.4,3.2,3.5,2002,sped
MD,784109,3.5,3.4,3.7,2002,sped
ME,186615,3.5,3.2,3.7,2002,sped
MI,1582807,3.2,3.1,3.3,2002,sped
MN,778097,5,4.9,5.2,2002,sped
MO,829081,2.6,2.5,2.7,2002,sped
MS,439882,1.1,1,1.2,2002,sped
MT,139124,1.6,1.4,1.9,2002,sped
NC,1220801,2.7,2.6,2.8,2002,sped
ND,96439,1.7,1.5,2,2002,sped
NE,259471,1.7,1.6,1.9,2002,sped
NH,195370,2.4,2.2,2.6,2002,sped
NJ,1181285,3.4,3.3,3.5,2002,sped
NM,294067,0.9,0.8,1,2002,sped
NV,339018,1.9,1.8,2.1,2002,sped
NY,2515084,3.1,3,3.2,2002,sped
OH,1678807,2.3,2.2,2.4,2002,sped
OK,547381,1.4,1.3,1.5,2002,sped
OR,512972,6.2,5.9,6.4,2002,sped
PA,1691071,2.7,2.6,2.8,2002,sped
RI,147307,3.1,2.8,3.3,2002,sped
SC,625007,1.7,1.6,1.8,2002,sped
SD,116672,2.2,2,2.5,2002,sped
TN,826056,1.5,1.4,1.6,2002,sped
TX,3760793,2.2,2.1,2.2,2002,sped
US,,2.6,2.6,2.6,2002,sped
UT,431980,1.8,1.7,2,2002,sped
VA,1078396,2.6,2.5,2.7,2002,sped
VT,90699,2.5,2.2,2.8,2002,sped
WA,935529,2.4,2.3,2.5,2002,sped
WI,797469,3.2,3.1,3.4,2002,sped
WV,253894,1.6,1.4,1.7,2002,sped
WY,80295,1.5,1.3,1.8,2002,sped
AK,122575,2.3,2,2.6,2003,sped
AL,672827,1.8,1.7,2,2003,sped
AR,414546,2.4,2.3,2.6,2003,sped
AZ,920714,2.2,2.1,2.3,2003,sped
CA,5784387,3.1,3.1,3.2,2003,sped
CO,681787,1.2,1.1,1.3,2003,sped
CT,523070,3.7,3.5,3.8,2003,sped
DC,62534,3,2.6,3.4,2003,sped
DE,109122,3.1,2.8,3.5,2003,sped
FL,2346054,2.4,2.3,2.4,2003,sped
GA,1367276,2.8,2.7,2.9,2003,sped
HI,168579,3.5,3.3,3.8,2003,sped
IA,435394,2.6,2.5,2.8,2003,sped
ID,230858,2.3,2.1,2.5,2003,sped
IL,1883049,3,2.9,3.1,2003,sped
IN,931573,4.8,4.7,5,2003,sped
KS,419497,2.3,2.1,2.4,2003,sped
KY,577827,2.2,2.1,2.4,2003,sped
LA,647893,2.3,2.2,2.4,2003,sped
MA,888222,4.2,4.1,4.4,2003,sped
MD,787162,4.2,4.1,4.4,2003,sped
ME,186248,4.2,3.9,4.5,2003,sped
MI,1560463,3.7,3.6,3.8,2003,sped
MN,772648,6.2,6,6.4,2003,sped
MO,827353,3.1,2.9,3.2,2003,sped
MS,439395,1.3,1.2,1.4,2003,sped
MT,137195,1.7,1.5,2,2003,sped
NC,1239187,3.1,3,3.2,2003,sped
ND,94590,2.1,1.8,2.4,2003,sped
NE,258903,2,1.9,2.2,2003,sped
NH,194656,2.9,2.6,3.1,2003,sped
NJ,1194379,3.9,3.8,4,2003,sped
NM,295454,1.1,1,1.2,2003,sped
NV,353437,2.4,2.3,2.6,2003,sped
NY,2502148,3.6,3.5,3.6,2003,sped
OH,1685241,2.9,2.8,3,2003,sped
OK,545292,1.7,1.6,1.8,2003,sped
OR,509235,6.9,6.7,7.2,2003,sped
PA,1693953,3.3,3.2,3.4,2003,sped
RI,147200,3.7,3.4,4,2003,sped
SC,628106,1.9,1.8,2,2003,sped
SD,114204,2.6,2.3,2.9,2003,sped
TN,834500,1.9,1.8,1.9,2003,sped
TX,3814099,2.6,2.5,2.6,2003,sped
US,,3,3,3,2003,sped
UT,435939,2.2,2.1,2.4,2003,sped
VA,1088822,3,2.9,3.2,2003,sped
VT,89718,2.8,2.5,3.2,2003,sped
WA,939334,2.8,2.7,2.9,2003,sped
WI,793991,3.9,3.8,4,2003,sped
WV,252349,1.9,1.7,2.1,2003,sped
WY,79054,1.9,1.6,2.2,2003,sped
AK,121340,2.8,2.5,3.1,2004,sped
AL,671182,2.2,2.1,2.3,2004,sped
AR,417497,2.8,2.6,2.9,2004,sped
AZ,948234,2.6,2.5,2.7,2004,sped
CA,5812940,3.7,3.7,3.8,2004,sped
CO,687752,1.5,1.4,1.6,2004,sped
CT,523056,4.3,4.1,4.5,2004,sped
DE,110142,3.5,3.2,3.9,2004,sped
FL,2394178,2.7,2.6,2.8,2004,sped
GA,1393151,3.2,3.1,3.3,2004,sped
HI,168103,4.1,3.8,4.4,2004,sped
IA,435498,2.6,2.5,2.8,2004,sped
ID,233896,2.8,2.6,3,2004,sped
IL,1882484,3.5,3.4,3.6,2004,sped
IN,940239,5.6,5.5,5.8,2004,sped
KS,417673,2.6,2.4,2.8,2004,sped
KY,582368,2.6,2.4,2.7,2004,sped
LA,643428,2.6,2.5,2.7,2004,sped
MA,883936,4.8,4.7,5,2004,sped
MD,787343,4.9,4.7,5,2004,sped
ME,183386,5.2,4.8,5.5,2004,sped
MI,1554020,4.3,4.2,4.4,2004,sped
MN,768673,7.7,7.5,7.9,2004,sped
MO,827519,3.6,3.5,3.8,2004,sped
MS,440374,1.5,1.4,1.6,2004,sped
NC,1261533,3.6,3.4,3.7,2004,sped
ND,92781,2.4,2.1,2.7,2004,sped
NE,258442,2.5,2.3,2.7,2004,sped
NH,193708,3.4,3.1,3.6,2004,sped
NJ,1213556,4.5,4.4,4.6,2004,sped
NM,296156,1.2,1.1,1.4,2004,sped
NV,366772,3,2.8,3.1,2004,sped
NY,2503880,4.1,4,4.2,2004,sped
OH,1679698,3.6,3.5,3.7,2004,sped
OK,545919,2,1.9,2.1,2004,sped
OR,511489,7.9,7.7,8.2,2004,sped
PA,1690520,4,3.9,4.1,2004,sped
RI,146041,4.4,4.1,4.8,2004,sped
SC,630448,2.2,2.1,2.3,2004,sped
SD,112368,3.1,2.8,3.4,2004,sped
TN,843716,2.3,2.2,2.4,2004,sped
TX,3866616,3,3,3.1,2004,sped
US,,3.6,3.5,3.6,2004,sped
UT,453483,2.7,2.5,2.8,2004,sped
VA,1099140,3.6,3.5,3.7,2004,sped
VT,88167,3,2.7,3.4,2004,sped
WA,936865,3.4,3.3,3.5,2004,sped
WI,778589,4.7,4.6,4.9,2004,sped
WV,251197,2.2,2.1,2.4,2004,sped
AK,121440,3,2.7,3.4,2005,sped
AL,678578,2.6,2.5,2.7,2005,sped
AR,425018,3.1,3,3.3,2005,sped
AZ,1000752,3.1,3,3.2,2005,sped
CA,5801532,4.4,4.3,4.4,2005,sped
CO,697217,1.8,1.7,1.9,2005,sped
CT,521079,5.1,4.9,5.3,2005,sped
DE,111746,3.9,3.6,4.3,2005,sped
FL,2424459,3,3,3.1,2005,sped
GA,1431431,3.8,3.7,3.9,2005,sped
HI,166989,4.7,4.4,5,2005,sped
IA,439221,2.6,2.4,2.8,2005,sped
ID,239211,3.4,3.2,3.6,2005,sped
IL,1891388,4,3.9,4.1,2005,sped
IN,949054,6.5,6.3,6.6,2005,sped
KS,415344,2.9,2.8,3.1,2005,sped
KY,586381,2.9,2.8,3.1,2005,sped
LA,578261,2.7,2.6,2.9,2005,sped
MA,879050,5.5,5.3,5.6,2005,sped
MD,778943,5.6,5.4,5.8,2005,sped
ME,179838,6.2,5.8,6.6,2005,sped
MI,1547451,5.1,5,5.2,2005,sped
MN,767680,9.1,8.9,9.3,2005,sped
MO,831636,4.2,4.1,4.4,2005,sped
MS,440341,1.6,1.5,1.7,2005,sped
MT,134039,2.1,1.9,2.4,2005,sped
NC,1289760,4.1,4,4.2,2005,sped
ND,90652,2.9,2.6,3.3,2005,sped
NE,258295,3.1,2.9,3.3,2005,sped
NH,192270,3.9,3.6,4.2,2005,sped
NJ,1214239,5.2,5.1,5.3,2005,sped
NM,295548,1.5,1.4,1.6,2005,sped
NV,378596,3.5,3.3,3.7,2005,sped
NY,2478126,4.6,4.6,4.7,2005,sped
OH,1674038,4.3,4.2,4.4,2005,sped
OK,548852,2.4,2.3,2.5,2005,sped
OR,510269,8.8,8.6,9.1,2005,sped
PA,1690385,4.7,4.6,4.8,2005,sped
RI,142154,5.4,5.1,5.8,2005,sped
SC,627135,2.5,2.4,2.7,2005,sped
SD,111325,3.5,3.2,3.9,2005,sped
TN,852932,2.6,2.5,2.7,2005,sped
TX,3967303,3.5,3.4,3.5,2005,sped
US,,4.1,4.1,4.1,2005,sped
UT,462190,3.2,3,3.4,2005,sped
VA,1104321,4.3,4.2,4.5,2005,sped
VT,86388,3.1,2.8,3.5,2005,sped
WA,946606,4,3.9,4.2,2005,sped
WI,783574,5.4,5.3,5.6,2005,sped
WV,250295,2.6,2.4,2.8,2005,sped
WY,77589,2.9,2.5,3.3,2005,sped
AK,120981,3.5,3.2,3.9,2006,sped
AL,681551,3,2.9,3.1,2006,sped
AR,426896,3.6,3.4,3.8,2006,sped
AZ,967743,3.9,3.8,4,2006,sped
CA,5824922,5.1,5,5.1,2006,sped
CO,708550,2.2,2.1,2.3,2006,sped
CT,520689,6,5.8,6.2,2006,sped
DE,112988,4.6,4.2,5,2006,sped
FL,2423333,3.5,3.4,3.6,2006,sped
GA,1459386,4.5,4.4,4.6,2006,sped
HI,165116,5,4.7,5.3,2006,sped
IA,437275,2.3,2.2,2.5,2006,sped
ID,243671,3.9,3.7,4.2,2006,sped
IL,1895561,4.7,4.6,4.8,2006,sped
IN,956647,7.3,7.2,7.5,2006,sped
KS,415826,3.4,3.2,3.6,2006,sped
KY,591501,3.3,3.2,3.5,2006,sped
LA,598025,3,2.8,3.1,2006,sped
MA,874637,6.4,6.2,6.5,2006,sped
MD,769833,6.2,6.1,6.4,2006,sped
ME,177662,7.4,7,7.8,2006,sped
MI,1528322,5.9,5.8,6,2006,sped
MN,767534,10.5,10.3,10.7,2006,sped
MO,831553,5,4.9,5.2,2006,sped
MS,442463,1.9,1.8,2,2006,sped
NC,1309437,4.7,4.5,4.8,2006,sped
ND,89043,3.5,3.1,3.9,2006,sped
NE,258567,3.8,3.6,4,2006,sped
NH,190666,4.5,4.2,4.9,2006,sped
NJ,1208203,6,5.9,6.2,2006,sped
NM,296700,1.9,1.7,2,2006,sped
NV,388990,4.1,3.9,4.3,2006,sped
NY,2454653,5.3,5.2,5.4,2006,sped
OH,1671958,5.1,5,5.2,2006,sped
OK,551673,2.8,2.7,2.9,2006,sped
OR,520824,9.8,9.5,10,2006,sped
PA,1728834,5.4,5.3,5.5,2006,sped
RI,139617,7,6.6,7.4,2006,sped
SC,632650,2.9,2.7,3,2006,sped
SD,110296,3.9,3.6,4.3,2006,sped
TN,873891,3.1,3,3.2,2006,sped
TX,4034392,3.9,3.9,4,2006,sped
US,,4.8,4.7,4.8,2006,sped
UT,476054,3.9,3.7,4.1,2006,sped
VA,1110405,4.9,4.8,5.1,2006,sped
VT,84893,3.5,3.1,3.9,2006,sped
WA,945084,4.6,4.5,4.8,2006,sped
WI,782471,6.1,5.9,6.3,2006,sped
WV,250162,3,2.7,3.2,2006,sped
WY,78195,3.3,3,3.8,2006,sped
AK,119725,3.9,3.6,4.3,2007,sped
AL,683355,3.5,3.3,3.6,2007,sped
AR,427439,4.1,3.9,4.3,2007,sped
AZ,984666,4.4,4.3,4.6,2007,sped
CA,5813550,5.9,5.8,6,2007,sped
CO,714642,2.6,2.5,2.7,2007,sped
CT,516557,6.9,6.7,7.1,2007,sped
DE,113174,5.1,4.7,5.6,2007,sped
FL,2422427,4.1,4,4.2,2007,sped
GA,1479890,5,4.9,5.1,2007,sped
HI,163128,5.3,4.9,5.6,2007,sped
IA,434809,2.2,2.1,2.4,2007,sped
ID,247944,4.7,4.4,4.9,2007,sped
IL,1889207,5.3,5.2,5.4,2007,sped
IN,960564,8.2,8,8.4,2007,sped
KS,417143,3.8,3.6,4,2007,sped
KY,597987,3.8,3.7,4,2007,sped
LA,601345,3.4,3.2,3.5,2007,sped
MA,868555,7.4,7.2,7.6,2007,sped
MD,759066,7.1,6.9,7.2,2007,sped
ME,179900,8.6,8.2,9,2007,sped
MI,1520173,6.6,6.4,6.7,2007,sped
MN,764643,12,11.8,12.3,2007,sped
MO,827183,5.7,5.5,5.8,2007,sped
MS,443977,2.3,2.1,2.4,2007,sped
MT,131613,2.8,2.6,3.1,2007,sped
NC,1351567,5.2,5.1,5.3,2007,sped
ND,87420,4.3,3.8,4.7,2007,sped
NE,258565,4.5,4.3,4.8,2007,sped
NH,187669,5.6,5.3,6,2007,sped
NJ,1206035,6.9,6.8,7.1,2007,sped
NM,297866,2.3,2.2,2.5,2007,sped
NV,393628,4.9,4.7,5.2,2007,sped
NY,2423601,6.1,6,6.2,2007,sped
OH,1663480,5.6,5.5,5.7,2007,sped
OK,553905,3.3,3.1,3.4,2007,sped
OR,523572,10.8,10.5,11,2007,sped
PA,1664918,6.7,6.6,6.9,2007,sped
RI,136019,8.2,7.7,8.7,2007,sped
SC,637191,3.4,3.3,3.5,2007,sped
SD,110583,4.2,3.9,4.6,2007,sped
TN,861550,3.8,3.7,3.9,2007,sped
TX,4100375,4.5,4.4,4.5,2007,sped
US,,5.4,5.4,5.5,2007,sped
UT,519166,4.3,4.1,4.5,2007,sped
VA,1112517,5.8,5.6,5.9,2007,sped
WA,948070,5.3,5.2,5.5,2007,sped
WI,777270,6.8,6.6,7,2007,sped
WV,248988,3.4,3.2,3.6,2007,sped
AK,119013,4.5,4.1,4.9,2008,sped
AL,682993,4.1,3.9,4.3,2008,sped
AR,427149,4.7,4.5,4.9,2008,sped
AZ,983587,5.1,4.9,5.2,2008,sped
CA,5783968,6.8,6.7,6.9,2008,sped
CO,726178,3.1,3,3.2,2008,sped
CT,511562,8.1,7.9,8.3,2008,sped
DC,56081,5.1,4.5,5.7,2008,sped
DE,115234,5.8,5.3,6.2,2008,sped
FL,2389359,4.9,4.8,5,2008,sped
GA,1485730,5.5,5.4,5.6,2008,sped
HI,162214,5.7,5.3,6.1,2008,sped
IA,432015,1.5,1.4,1.6,2008,sped
ID,250738,5.4,5.1,5.6,2008,sped
IL,1879956,5.9,5.8,6,2008,sped
IN,958352,9.2,9,9.4,2008,sped
KS,417341,4.2,4,4.4,2008,sped
KY,600466,4.4,4.2,4.5,2008,sped
LA,603649,3.7,3.6,3.9,2008,sped
MA,862851,8.5,8.3,8.7,2008,sped
MD,756510,8.3,8.1,8.5,2008,sped
ME,176567,9.9,9.5,10.4,2008,sped
MI,1487974,7.4,7.3,7.5,2008,sped
MN,760544,13.5,13.2,13.8,2008,sped
MO,824746,6.4,6.2,6.6,2008,sped
MS,442501,2.8,2.7,3,2008,sped
MT,130134,3.3,3,3.6,2008,sped
NC,1346685,5.9,5.8,6.1,2008,sped
ND,86249,5.1,4.7,5.6,2008,sped
NE,258754,5.3,5,5.6,2008,sped
NH,184132,6.1,5.8,6.5,2008,sped
NJ,1205054,7.2,7,7.3,2008,sped
NM,298200,2.9,2.8,3.1,2008,sped
NV,397502,5.7,5.4,5.9,2008,sped
NY,2391967,6.7,6.6,6.8,2008,sped
OH,1648885,6.4,6.3,6.5,2008,sped
OK,555236,3.7,3.6,3.9,2008,sped
OR,522982,11.6,11.3,11.9,2008,sped
PA,1632752,8,7.9,8.1,2008,sped
RI,133452,9.4,8.9,9.9,2008,sped
SC,642269,3.7,3.6,3.9,2008,sped
SD,113488,4.6,4.2,5,2008,sped
TN,878930,4.3,4.2,4.4,2008,sped
TX,4165071,5.1,5,5.2,2008,sped
US,,6.2,6.2,6.2,2008,sped
UT,503252,5.1,4.9,5.3,2008,sped
VA,1115877,6.6,6.5,6.8,2008,sped
WA,952192,6.1,5.9,6.2,2008,sped
WI,770205,7.7,7.5,7.9,2008,sped
WV,248660,3.9,3.7,4.1,2008,sped
WY,79494,4.9,4.4,5.4,2008,sped
AK,119382,5,4.6,5.4,2009,sped
AL,684096,4.7,4.6,4.9,2009,sped
AR,428469,5.2,5,5.5,2009,sped
AZ,984294,6,5.8,6.1,2009,sped
CA,5714230,7.8,7.7,7.9,2009,sped
CO,738477,3.6,3.5,3.8,2009,sped
CT,508413,9.2,9,9.5,2009,sped
DE,116509,6.2,5.8,6.7,2009,sped
FL,2386970,5.7,5.6,5.8,2009,sped
GA,1494420,6,5.9,6.1,2009,sped
HI,162491,6,5.6,6.4,2009,sped
IA,431082,1.5,1.4,1.6,2009,sped
ID,252048,6.1,5.8,6.5,2009,sped
IL,1871351,6.6,6.5,6.8,2009,sped
IN,955993,10,9.8,10.2,2009,sped
KS,423087,4.7,4.5,4.9,2009,sped
KY,600532,4.9,4.8,5.1,2009,sped
LA,607705,4.2,4,4.3,2009,sped
MA,859991,9.4,9.2,9.6,2009,sped
MD,758358,9.1,8.8,9.3,2009,sped
ME,171738,11.4,10.9,11.9,2009,sped
MI,1477988,8,7.9,8.2,2009,sped
MN,760009,14.8,14.6,15.1,2009,sped
MO,823382,7.1,6.9,7.3,2009,sped
MS,441712,3.9,3.7,4.1,2009,sped
NC,1351217,6.7,6.5,6.8,2009,sped
ND,86316,5.9,5.4,6.4,2009,sped
NE,259837,6.1,5.8,6.4,2009,sped
NH,182184,7,6.6,7.4,2009,sped
NJ,1215597,8.3,8.2,8.5,2009,sped
NM,300747,3.6,3.4,3.8,2009,sped
NV,392478,6.7,6.4,6.9,2009,sped
NY,2408209,7.4,7.3,7.5,2009,sped
OH,1603854,7.8,7.6,7.9,2009,sped
OK,562297,4.2,4.1,4.4,2009,sped
OR,521133,12.4,12.1,12.7,2009,sped
PA,1639316,9.1,9,9.3,2009,sped
RI,132755,10,9.5,10.6,2009,sped
SC,645103,4.1,4,4.3,2009,sped
SD,111786,4.9,4.5,5.3,2009,sped
TN,879298,5.1,4.9,5.2,2009,sped
TX,4241747,5.7,5.7,5.8,2009,sped
US,,7,7,7,2009,sped
UT,515677,5.8,5.6,6,2009,sped
VA,1122459,7.6,7.5,7.8,2009,sped
VT,80398,7.8,7.3,8.5,2009,sped
WA,949763,6.7,6.6,6.9,2009,sped
WI,764288,8.5,8.3,8.7,2009,sped
WV,247314,4.5,4.2,4.8,2009,sped
WY,80215,5.6,5.1,6.2,2009,sped
AK,118994,5.6,5.2,6.1,2010,sped
AL,689708,5.4,5.2,5.6,2010,sped
AR,429836,5.8,5.6,6.1,2010,sped
AZ,980187,6.8,6.7,7,2010,sped
CA,5743498,8.6,8.5,8.6,2010,sped
CO,747541,4.2,4.1,4.4,2010,sped
CT,504955,10.1,9.9,10.4,2010,sped
DC,55499,7.1,6.4,7.8,2010,sped
DE,117967,6.3,5.9,6.8,2010,sped
FL,2393471,6.6,6.5,6.7,2010,sped
GA,1502243,6.5,6.4,6.6,2010,sped
HI,161965,6.1,5.7,6.5,2010,sped
IA,429258,1.5,1.4,1.6,2010,sped
ID,252894,6.9,6.6,7.2,2010,sped
IL,1867169,7.3,7.1,7.4,2010,sped
IN,958815,10.5,10.3,10.7,2010,sped
KS,424755,5,4.8,5.3,2010,sped
KY,597317,5.5,5.3,5.7,2010,sped
LA,612625,4.6,4.4,4.8,2010,sped
MA,859444,10.6,10.4,10.9,2010,sped
MD,760130,9.6,9.4,9.9,2010,sped
ME,171011,12.5,12,13.1,2010,sped
MI,1438099,8.7,8.5,8.8,2010,sped
MN,760671,15.8,15.5,16.1,2010,sped
MO,820839,7.9,7.7,8.1,2010,sped
MS,439999,4.7,4.5,4.9,2010,sped
MT,129227,4.2,3.8,4.5,2010,sped
NC,1350523,7.4,7.2,7.5,2010,sped
ND,87345,6.1,5.6,6.6,2010,sped
NE,262433,6.6,6.3,6.9,2010,sped
NH,179644,7.6,7.2,8,2010,sped
NJ,1199711,9.5,9.3,9.6,2010,sped
NM,303454,4.4,4.1,4.6,2010,sped
NV,399604,7.3,7,7.5,2010,sped
NY,2461595,7.8,7.7,8,2010,sped
OH,1594180,8.7,8.6,8.8,2010,sped
OK,565311,4.9,4.7,5.1,2010,sped
OR,520672,12.9,12.6,13.2,2010,sped
PA,1646680,10.2,10.1,10.4,2010,sped
RI,131682,11.3,10.7,11.9,2010,sped
SC,647026,4.7,4.6,4.9,2010,sped
SD,113105,4.9,4.6,5.4,2010,sped
TN,881993,5.7,5.5,5.8,2010,sped
TX,4312398,6.4,6.3,6.5,2010,sped
US,,7.7,7.7,7.7,2010,sped
UT,527133,6.4,6.1,6.6,2010,sped
VA,1127720,8.9,8.7,9.1,2010,sped
VT,79921,8.8,8.1,9.4,2010,sped
WA,955799,7.5,7.3,7.7,2010,sped
WI,761365,9.2,9,9.5,2010,sped
WV,246963,5,4.7,5.3,2010,sped
WY,80816,6.3,5.8,6.9,2010,sped
AK,117959,6.3,5.9,6.8,2011,sped
AL,678737,6.1,5.9,6.3,2011,sped
AR,430885,6.6,6.3,6.8,2011,sped
AZ,986805,7.6,7.4,7.7,2011,sped
CA,5719777,9.5,9.4,9.6,2011,sped
CO,756813,4.9,4.7,5,2011,sped
CT,499575,11.2,10.9,11.5,2011,sped
DC,55520,8,7.3,8.8,2011,sped
DE,117428,7.1,6.6,7.6,2011,sped
FL,2409916,7.4,7.3,7.5,2011,sped
GA,1506291,7.2,7,7.3,2011,sped
HI,164163,6.4,6,6.8,2011,sped
IA,428753,1.5,1.4,1.6,2011,sped
ID,256634,7.2,6.9,7.5,2011,sped
IL,1856885,7.9,7.8,8,2011,sped
IN,953059,11.2,11,11.4,2011,sped
KS,424810,5.5,5.3,5.7,2011,sped
KY,601070,6.1,5.9,6.3,2011,sped
LA,617931,4.9,4.8,5.1,2011,sped
MA,856298,11.7,11.5,11.9,2011,sped
MD,760509,10.1,9.9,10.3,2011,sped
ME,170277,13.3,12.8,13.9,2011,sped
MI,1420628,9.1,8.9,9.2,2011,sped
MN,761037,16.6,16.3,16.9,2011,sped
MO,816789,8.7,8.5,8.9,2011,sped
MS,437230,5.5,5.3,5.7,2011,sped
MT,129177,3,2.7,3.3,2011,sped
NC,1356317,8.1,7.9,8.2,2011,sped
ND,87704,6.6,6.1,7.2,2011,sped
NE,264594,7.5,7.1,7.8,2011,sped
NH,176757,8.8,8.4,9.2,2011,sped
NJ,1177240,10.5,10.3,10.7,2011,sped
NM,302619,4.9,4.7,5.2,2011,sped
NV,401059,8.2,7.9,8.5,2011,sped
NY,2427519,8.4,8.3,8.6,2011,sped
OH,1579692,9.4,9.3,9.6,2011,sped
OK,568946,5.6,5.5,5.8,2011,sped
OR,519468,13.4,13.1,13.8,2011,sped
PA,1626936,11.7,11.5,11.9,2011,sped
RI,130711,12.7,12.1,13.3,2011,sped
SC,647570,5.4,5.2,5.6,2011,sped
SD,113645,5.5,5.1,5.9,2011,sped
TN,891908,6.3,6.1,6.4,2011,sped
TX,4371500,7,7,7.1,2011,sped
US,,8.4,8.4,8.5,2011,sped
UT,537907,6.8,6.5,7,2011,sped
VA,1130504,9.9,9.7,10.1,2011,sped
VT,78287,9.5,8.8,10.2,2011,sped
WA,955171,8.2,8,8.4,2011,sped
WI,755792,10.1,9.9,10.3,2011,sped
WV,246418,5.4,5.1,5.7,2011,sped
WY,81708,7.5,6.9,8.1,2011,sped
AK,117789,7.1,6.7,7.6,2012,sped
AL,676177,6.8,6.6,7,2012,sped
AR,431069,7.2,7,7.5,2012,sped
AZ,993616,8.2,8,8.4,2012,sped
CA,5728978,10.3,10.2,10.4,2012,sped
CO,766235,5.4,5.2,5.5,2012,sped
CT,495151,12.2,11.9,12.5,2012,sped
DC,56954,9,8.2,9.8,2012,sped
DE,117607,7.7,7.2,8.2,2012,sped
FL,2426549,8.3,8.2,8.4,2012,sped
GA,1521243,7.8,7.6,7.9,2012,sped
HI,165531,6.8,6.4,7.2,2012,sped
IA,430715,1.5,1.3,1.6,2012,sped
ID,259742,7.6,7.2,7.9,2012,sped
IL,1844090,8.4,8.3,8.6,2012,sped
IN,951574,12.3,12.1,12.5,2012,sped
KS,426652,6.4,6.1,6.6,2012,sped
KY,604045,6.8,6.5,7,2012,sped
LA,622786,5.4,5.2,5.5,2012,sped
MA,855783,13.1,12.9,13.3,2012,sped
MD,763071,10.6,10.4,10.8,2012,sped
ME,167122,14.6,14,15.2,2012,sped
MI,1407009,9.5,9.4,9.7,2012,sped
MN,764964,17.3,17,17.6,2012,sped
MO,816438,9.5,9.3,9.7,2012,sped
MS,437820,6.4,6.2,6.7,2012,sped
MT,129878,3.5,3.2,3.8,2012,sped
NC,1366747,8.7,8.5,8.9,2012,sped
ND,90685,7.1,6.5,7.6,2012,sped
NE,267579,8.1,7.8,8.4,2012,sped
NH,173822,10.2,9.8,10.7,2012,sped
NJ,1189043,11.2,11,11.4,2012,sped
NM,303049,5.6,5.3,5.8,2012,sped
NV,405383,9,8.7,9.3,2012,sped
NY,2427513,9.2,9,9.3,2012,sped
OH,1570484,10,9.8,10.2,2012,sped
OK,574282,6.5,6.3,6.7,2012,sped
OR,521072,13.9,13.6,14.2,2012,sped
PA,1620867,12.7,12.5,12.9,2012,sped
RI,129627,13.4,12.8,14.1,2012,sped
SC,653571,6.3,6.2,6.5,2012,sped
SD,115453,5.9,5.4,6.3,2012,sped
TN,885214,6.8,6.7,7,2012,sped
TX,4436112,7.6,7.5,7.7,2012,sped
US,,9.1,9.1,9.2,2012,sped
UT,550572,7.3,7.1,7.5,2012,sped
VA,1135632,10.9,10.7,11.1,2012,sped
VT,77646,10.2,9.5,10.9,2012,sped
WA,958439,8.9,8.7,9,2012,sped
WI,755006,10.9,10.6,11.1,2012,sped
WV,245478,5.8,5.5,6.1,2012,sped
WY,82862,8,7.5,8.7,2012,sped
AK,117065,7.8,7.3,8.3,2013,sped
AL,677032,7.5,7.3,7.7,2013,sped
AR,434806,7.8,7.5,8,2013,sped
AZ,1007136,8.8,8.6,9,2013,sped
CA,5723381,11.1,11.1,11.2,2013,sped
CO,778033,5.7,5.6,5.9,2013,sped
CT,491004,13,12.6,13.3,2013,sped
DC,58956,9.8,9,10.6,2013,sped
DE,119786,8.2,7.7,8.7,2013,sped
FL,2454956,9.3,9.2,9.4,2013,sped
GA,1541824,8.3,8.2,8.5,2013,sped
HI,167476,6.9,6.6,7.4,2013,sped
IA,433649,1.4,1.3,1.5,2013,sped
ID,268999,7.9,7.5,8.2,2013,sped
IL,1840920,9.2,9.1,9.3,2013,sped
IN,951113,12.8,12.6,13,2013,sped
KS,432946,6.9,6.7,7.1,2013,sped
KY,597518,7.6,7.4,7.8,2013,sped
LA,624795,5.8,5.6,6,2013,sped
MA,856567,14.4,14.1,14.6,2013,sped
MD,768810,11.1,10.9,11.3,2013,sped
ME,165540,15,14.4,15.6,2013,sped
MI,1398112,10,9.8,10.1,2013,sped
MN,770799,18,17.7,18.3,2013,sped
MO,817104,10,9.8,10.2,2013,sped
MS,437397,7.2,7,7.5,2013,sped
MT,130651,3.9,3.6,4.2,2013,sped
NC,1377670,9.4,9.2,9.5,2013,sped
ND,93071,7.4,6.8,7.9,2013,sped
NE,269195,8.9,8.6,9.3,2013,sped
NH,171231,11.4,10.9,11.9,2013,sped
NJ,1191399,11.9,11.7,12.1,2013,sped
NM,304011,6.4,6.1,6.6,2013,sped
NV,411226,9.6,9.3,9.9,2013,sped
NY,2427327,10.1,10,10.2,2013,sped
OH,1564631,10.7,10.5,10.8,2013,sped
OK,582209,6.8,6.6,7,2013,sped
OR,524370,14.1,13.8,14.4,2013,sped
PA,1617377,14,13.8,14.2,2013,sped
RI,129276,14,13.4,14.7,2013,sped
SC,663136,7.1,6.9,7.3,2013,sped
SD,116127,6.1,5.7,6.6,2013,sped
TN,889199,7.5,7.3,7.7,2013,sped
TX,4513821,8.3,8.2,8.4,2013,sped
US,,9.8,9.8,9.9,2013,sped
UT,562702,7.5,7.3,7.7,2013,sped
VA,1144601,11.7,11.5,11.9,2013,sped
VT,76808,10.9,10.2,11.7,2013,sped
WA,965420,9.4,9.2,9.6,2013,sped
WI,756115,11.5,11.3,11.8,2013,sped
WV,243945,6.4,6.1,6.7,2013,sped
WY,84077,8.6,8,9.2,2013,sped
AK,117543,8.5,8,9.1,2014,sped
AL,675149,8.1,7.9,8.3,2014,sped
AR,437275,8.3,8,8.6,2014,sped
AZ,1019375,9.3,9.1,9.5,2014,sped
CA,5717500,12,11.9,12.1,2014,sped
CO,791275,6.2,6.1,6.4,2014,sped
CT,487037,13.9,13.6,14.2,2014,sped
DC,60718,10.2,9.4,11,2014,sped
DE,122317,9.3,8.8,9.9,2014,sped
FL,2493779,10.2,10.1,10.4,2014,sped
GA,1564671,8.9,8.7,9,2014,sped
HI,168899,7.3,6.9,7.7,2014,sped
IA,436504,1.4,1.3,1.5,2014,sped
ID,266586,8.5,8.1,8.8,2014,sped
IL,1831161,9.8,9.7,10,2014,sped
IN,949973,13.3,13.1,13.6,2014,sped
KS,434554,7.3,7,7.6,2014,sped
KY,608929,8,7.7,8.2,2014,sped
LA,632481,6.1,5.9,6.3,2014,sped
MA,858611,15.5,15.2,15.7,2014,sped
MD,777929,11.3,11.1,11.6,2014,sped
ME,164158,15.2,14.6,15.8,2014,sped
MI,1383880,10.3,10.1,10.5,2014,sped
MN,777804,18.4,18.1,18.7,2014,sped
MO,817879,10.8,10.6,11.1,2014,sped
MS,438190,7.9,7.7,8.2,2014,sped
MT,131621,4.4,4,4.8,2014,sped
NC,1396051,10,9.8,10.2,2014,sped
ND,95492,8.3,7.7,8.9,2014,sped
NE,273431,9.5,9.1,9.8,2014,sped
NH,169433,12.3,11.7,12.8,2014,sped
NJ,1194487,12.7,12.5,12.9,2014,sped
NM,305701,6.8,6.5,7.1,2014,sped
NV,419082,11.1,10.8,11.4,2014,sped
NY,2435476,10.9,10.8,11,2014,sped
OH,1564662,11.2,11.1,11.4,2014,sped
OK,589376,7.5,7.3,7.7,2014,sped
OR,529212,14.5,14.2,14.8,2014,sped
PA,1607656,15,14.8,15.1,2014,sped
RI,129705,14.4,13.8,15.1,2014,sped
SC,673967,8,7.8,8.2,2014,sped
SD,118485,6.6,6.2,7.1,2014,sped
TN,894603,8.1,7.9,8.2,2014,sped
TX,4601387,8.9,8.9,9,2014,sped
US,,10.5,10.5,10.5,2014,sped
UT,573594,7.9,7.6,8.1,2014,sped
VA,1153689,12.5,12.3,12.7,2014,sped
VT,75559,11.3,10.6,12.1,2014,sped
WA,979763,9.9,9.7,10.1,2014,sped
WI,755177,12.2,11.9,12.4,2014,sped
WV,244197,6.7,6.4,7.1,2014,sped
AK,118699,9.4,8.8,9.9,2015,sped
AL,674946,8.6,8.4,8.8,2015,sped
AR,438292,8.9,8.7,9.2,2015,sped
AZ,1019034,9.8,9.6,10,2015,sped
CA,5689280,12.9,12.8,13,2015,sped
CO,802257,6.8,6.6,7,2015,sped
CT,482907,14.7,14.4,15,2015,sped
DC,63804,10.9,10.1,11.7,2015,sped
DE,123254,10.6,10.1,11.2,2015,sped
FL,2532598,11.2,11.1,11.3,2015,sped
GA,1581764,9.6,9.4,9.7,2015,sped
HI,165143,7.8,7.4,8.3,2015,sped
IA,439825,1.4,1.3,1.5,2015,sped
ID,268654,9.1,8.7,9.4,2015,sped
IL,1818262,10.4,10.3,10.6,2015,sped
IN,950139,13.7,13.5,14,2015,sped
KS,435155,7.7,7.4,7.9,2015,sped
KY,609496,8.7,8.4,8.9,2015,sped
LA,636551,6.7,6.5,6.9,2015,sped
MA,866134,16.2,16,16.5,2015,sped
MD,783637,11.6,11.4,11.9,2015,sped
ME,163244,16,15.4,16.6,2015,sped
MI,1370009,10.8,10.6,11,2015,sped
MN,785350,18.8,18.5,19.1,2015,sped
MO,818676,11.7,11.4,11.9,2015,sped
MS,436866,8.6,8.3,8.9,2015,sped
MT,132659,4.9,4.6,5.3,2015,sped
NC,1408521,10.6,10.4,10.8,2015,sped
ND,97489,8.7,8.1,9.3,2015,sped
NE,276975,10.1,9.8,10.5,2015,sped
NH,166251,13.3,12.7,13.8,2015,sped
NJ,1190893,13.4,13.2,13.6,2015,sped
NM,302489,7.8,7.5,8.1,2015,sped
NV,426638,11.8,11.5,12.2,2015,sped
NY,2421417,11.8,11.6,11.9,2015,sped
OH,1559370,11.7,11.6,11.9,2015,sped
OK,596154,8.3,8.1,8.5,2015,sped
OR,534754,14.8,14.5,15.1,2015,sped
PA,1588330,16.1,15.9,16.3,2015,sped
RI,129667,14.8,14.1,15.5,2015,sped
SC,683490,8.8,8.6,9.1,2015,sped
SD,119401,7.9,7.4,8.4,2015,sped
TN,896509,8.7,8.5,8.9,2015,sped
TX,4681157,9.5,9.5,9.6,2015,sped
US,,11.2,11.2,11.2,2015,sped
UT,585739,8.3,8.1,8.5,2015,sped
VA,1159195,13.3,13.1,13.6,2015,sped
VT,74724,11.9,11.2,12.7,2015,sped
WA,993605,10.6,10.4,10.8,2015,sped
WI,753815,12.9,12.7,13.2,2015,sped
WV,242212,7.7,7.4,8.1,2015,sped
WY,86367,9.2,8.6,9.8,2015,sped
AK,119217,10.1,9.5,10.7,2016,sped
AL,674701,9.1,8.9,9.3,2016,sped
AR,440130,9.5,9.3,9.8,2016,sped
AZ,1033143,10.4,10.2,10.6,2016,sped
CA,5685428,13.9,13.8,14,2016,sped
CO,808556,7.3,7.1,7.5,2016,sped
CT,479942,15.4,15,15.7,2016,sped
DC,65732,11.9,11.1,12.7,2016,sped
DE,124609,11.1,10.5,11.7,2016,sped
FL,2555399,12.1,12,12.3,2016,sped
GA,1589860,10.3,10.1,10.5,2016,sped
HI,164822,8.3,7.9,8.7,2016,sped
IA,442346,1.4,1.3,1.5,2016,sped
ID,273516,9.5,9.2,9.9,2016,sped
IL,1806812,11,10.8,11.1,2016,sped
IN,952449,14.2,13.9,14.4,2016,sped
KS,435568,8.2,8,8.5,2016,sped
KY,607668,9.3,9.1,9.6,2016,sped
LA,635216,6.9,6.7,7.2,2016,sped
MA,865940,17.4,17.1,17.7,2016,sped
MD,790804,11.9,11.7,12.1,2016,sped
ME,162299,16.7,16.1,17.3,2016,sped
MI,1360566,11.2,11.1,11.4,2016,sped
MN,792766,19.4,19.1,19.7,2016,sped
MO,817133,12.4,12.2,12.7,2016,sped
MS,433377,9.5,9.2,9.8,2016,sped
MT,133631,5.5,5.1,5.9,2016,sped
NC,1415113,11.2,11,11.4,2016,sped
ND,98195,9.8,9.2,10.4,2016,sped
NE,280444,10.8,10.4,11.2,2016,sped
NH,164995,14.2,13.6,14.7,2016,sped
NJ,1195846,14.2,14,14.4,2016,sped
NM,304532,8.5,8.2,8.8,2016,sped
NV,432794,12.7,12.3,13,2016,sped
NY,2422245,13,12.9,13.2,2016,sped
OH,1551479,12.5,12.3,12.7,2016,sped
OK,598799,8.9,8.7,9.1,2016,sped
OR,537120,15.1,14.8,15.5,2016,sped
PA,1596801,16.9,16.7,17.1,2016,sped
RI,129593,15.2,14.6,15.9,2016,sped
SC,690211,9.6,9.4,9.8,2016,sped
SD,121212,9,8.5,9.5,2016,sped
TN,898908,9.5,9.3,9.7,2016,sped
TX,4740714,10.2,10.1,10.3,2016,sped
US,,11.9,11.9,11.9,2016,sped
UT,596257,8.7,8.5,9,2016,sped
VA,1162945,14.2,14,14.4,2016,sped
VT,74108,12.1,11.3,12.9,2016,sped
WA,1006676,11.2,11,11.4,2016,sped
WV,239037,8.6,8.3,9,2016,sped
WY,85922,9.3,8.7,10,2016,sped
AK,119090,10.6,10.1,11.2,2017,sped
AL,671939,9.8,9.6,10,2017,sped
AR,442030,10.2,9.9,10.5,2017,sped
AZ,1016873,11.4,11.2,11.6,2017,sped
CA,5679408,14.9,14.8,15,2017,sped
CO,813658,7.9,7.8,8.1,2017,sped
CT,476476,16.2,15.9,16.6,2017,sped
DC,67123,13,12.1,13.8,2017,sped
DE,124548,13,12.4,13.7,2017,sped
FL,2571629,13.1,13,13.2,2017,sped
GA,1594516,11.1,11,11.3,2017,sped
HI,164505,8.7,8.2,9.1,2017,sped
IA,443103,1.4,1.3,1.5,2017,sped
ID,277227,10,9.6,10.4,2017,sped
IL,1789397,11.6,11.5,11.8,2017,sped
IN,955441,14.6,14.3,14.8,2017,sped
KS,436162,8.6,8.4,8.9,2017,sped
KY,606829,10,9.8,10.3,2017,sped
LA,634574,7.4,7.2,7.6,2017,sped
MA,856299,19,18.7,19.3,2017,sped
MD,799217,12.5,12.2,12.7,2017,sped
MI,1351386,11.9,11.7,12.1,2017,sped
MN,798141,20.1,19.8,20.4,2017,sped
MO,816370,13.2,13,13.5,2017,sped
MS,428978,10.4,10.1,10.7,2017,sped
MT,134031,6.4,6,6.8,2017,sped
NC,1417940,11.9,11.7,12,2017,sped
ND,99869,10.9,10.2,11.5,2017,sped
NE,283021,11.8,11.4,12.2,2017,sped
NH,163737,14.8,14.2,15.4,2017,sped
NJ,1191593,14.9,14.7,15.1,2017,sped
NM,300943,9.4,9.1,9.8,2017,sped
NV,440933,13.9,13.5,14.2,2017,sped
NY,2418863,14.2,14.1,14.4,2017,sped
OH,1543053,13.4,13.2,13.5,2017,sped
OK,601445,9.9,9.6,10.1,2017,sped
OR,538764,15.8,15.4,16.1,2017,sped
PA,1597268,17.8,17.6,18,2017,sped
RI,130466,15.6,15,16.3,2017,sped
SC,694903,10.4,10.2,10.7,2017,sped
SD,122428,10,9.4,10.6,2017,sped
TN,898106,10.4,10.2,10.6,2017,sped
TX,4773481,11.1,11,11.2,2017,sped
US,,12.7,12.7,12.8,2017,sped
UT,604779,9,8.8,9.2,2017,sped
VA,1166843,15.2,15,15.4,2017,sped
WA,1013696,12.1,11.9,12.3,2017,sped
WV,236080,9.5,9.1,9.9,2017,sped
WY,86118,9.6,9,10.3,2017,sped
AK,117443,11.3,10.7,11.9,2018,sped
AL,667531,10.4,10.2,10.7,2018,sped
AR,441545,10.8,10.5,11.2,2018,sped
AZ,1039606,12.2,12,12.4,2018,sped
CA,5654612,15.9,15.8,16,2018,sped
CO,814399,8.7,8.5,8.9,2018,sped
CT,472070,17.1,16.7,17.5,2018,sped
DC,68136,14.4,13.5,15.3,2018,sped
DE,126504,14,13.4,14.7,2018,sped
FL,2581374,14.3,14.1,14.4,2018,sped
GA,1592386,11.9,11.8,12.1,2018,sped
HI,164816,9.2,8.8,9.7,2018,sped
IA,444370,1.5,1.4,1.6,2018,sped
ID,284765,10.5,10.2,10.9,2018,sped
IL,1758083,12.4,12.2,12.5,2018,sped
IN,957993,14.9,14.7,15.1,2018,sped
KS,435836,9,8.7,9.3,2018,sped
KY,599301,10.8,10.6,11.1,2018,sped
LA,630768,8.1,7.9,8.3,2018,sped
MA,854036,20.3,20,20.6,2018,sped
MD,802099,13.1,12.8,13.3,2018,sped
ME,161745,18.4,17.8,19.1,2018,sped
MI,1335297,12.4,12.2,12.6,2018,sped
MN,800538,21.2,20.8,21.5,2018,sped
MO,813878,14.2,13.9,14.4,2018,sped
MS,422177,11.2,10.9,11.5,2018,sped
MT,134853,6.6,6.2,7.1,2018,sped
NC,1418033,12.6,12.4,12.8,2018,sped
ND,101709,11.7,11,12.4,2018,sped
NE,284582,12.7,12.3,13.2,2018,sped
NH,162167,15.7,15.1,16.4,2018,sped
NJ,1185086,15.8,15.5,16,2018,sped
NM,299989,9.7,9.3,10,2018,sped
NV,444307,14.7,14.3,15,2018,sped
NY,2397417,15.6,15.4,15.7,2018,sped
OH,1531273,14.2,14,14.4,2018,sped
OK,604425,10.6,10.4,10.9,2018,sped
OR,539688,16.5,16.2,16.9,2018,sped
PA,1599462,18.7,18.5,19,2018,sped
RI,130527,16.3,15.6,17,2018,sped
SC,698065,11.2,10.9,11.4,2018,sped
SD,123449,10.3,9.7,10.8,2018,sped
TN,898226,11.4,11.2,11.6,2018,sped
TX,4794975,12.2,12.1,12.3,2018,sped
US,,13.6,13.6,13.7,2018,sped
UT,611481,9.6,9.4,9.9,2018,sped
VA,1164560,16.4,16.1,16.6,2018,sped
VT,72658,12.9,12.1,13.8,2018,sped
WA,1011647,13,12.8,13.2,2018,sped
WV,233053,10.3,9.9,10.7,2018,sped
WY,86144,9.9,9.3,10.6,2018,sped
